任务ID;昵称;描述;任务icon;任务行为;行为指数;任务奖励包;下一个任务;是否是入口任务;任务类型;活动任务开始时间;活动任务结束时间;是否处于调试中;主任务
1000;应援;为神代应援~!;205401;999;1;400020;;0;5;;;0;
1001;逆转;使用5张神迹卡;200101;1;5;400020;;0;1;;;0;
1002;逆转;使用10张神迹卡;200101;1;10;400040;;0;1;;;0;
1003;逆转;使用15张神迹卡;200101;1;15;400060;;0;1;;;0;
1004;逆转;使用20张神迹卡;200101;1;20;400080;;0;1;;;0;
1005;弹幕使;使用5张弹幕卡;200101;2;5;400020;;0;1;;;0;
1006;弹幕使;使用10张弹幕卡;200101;2;10;400040;;0;1;;;0;
1007;弹幕使;使用15张弹幕卡;200101;2;15;400060;;0;1;;;0;
1008;弹幕使;使用20张弹幕卡;200101;2;20;400080;;0;1;;;0;
1009;击杀从者;攻击击杀3个附属神;200301;3;3;400020;;0;1;;;0;
1010;击杀从者;攻击击杀6个附属神;200301;3;6;400050;;0;1;;;0;
1011;击杀从者;攻击击杀10个附属神;200301;3;10;400080;;0;1;;;0;
1012;胜利者;取得1场胜利;200401;5;1;400040;;0;1;;;0;
1013;胜利者;取得3场胜利;200401;5;3;400070;;0;1;;;0;
1014;胜利者;取得5场胜利;200401;5;5;400090;;0;1;;;0;
1015;决斗者;进行4场游戏;200401;4;4;400020;;0;1;;;0;
1016;决斗者;进行6场游戏;200401;4;6;400030;;0;1;;;0;
1017;决斗者;进行8场游戏;200401;4;8;400040;;0;1;;;0;
1018;决斗者;进行10场游戏;200401;4;10;400060;;0;1;;;0;
1019;请问你是老子的master吗?;抽卡1次;205401;54;1;400050;;0;1;;;0;
1020;友谊赛;与好友对决一次;207401;74;1;400050;;0;1;;;0;
1021;阿斯加德的支持者;使用奥丁获得1次胜利;210101;101;1;400030;;0;1;;;0;
1022;阿斯加德的支持者;使用奥丁获得2次胜利;210101;101;2;400050;;0;1;;;0;
1023;阿斯加德的支持者;使用奥丁获得3次胜利;210101;101;3;400070;;0;1;;;0;
1024;高天原的支持者;使用天照获得1次胜利;210201;102;1;400030;;0;1;;;0;
1025;高天原的支持者;使用天照获得2次胜利;210201;102;2;400050;;0;1;;;0;
1026;高天原的支持者;使用天照获得3次胜利;210201;102;3;400070;;0;1;;;0;
1027;太清殿的支持者;使用道德天尊获得1次胜利;210401;104;1;400030;;0;1;;;0;
1028;太清殿的支持者;使用道德天尊获得2次胜利;210401;104;2;400050;;0;1;;;0;
1029;太清殿的支持者;使用道德天尊获得3次胜利;210401;104;3;400070;;0;1;;;0;
1030;尼芙尔海姆的支持者;使用伊米尔获得1次胜利;210301;103;1;400030;;0;1;;;0;
1031;尼芙尔海姆的支持者;使用伊米尔获得2次胜利;210301;103;2;400050;;0;1;;;0;
1032;尼芙尔海姆的支持者;使用伊米尔获得3次胜利;210301;103;3;400070;;0;1;;;0;
1033;啪啪啪;攻击击杀总计单位_3;210301;105;3;400020;;0;1;;;0;
1034;啪啪啪;攻击击杀总计单位_6;210301;105;6;400040;;0;1;;;0;
1035;啪啪啪;攻击击杀总计单位_9;210301;105;9;400060;;0;1;;;0;
1036;啪啪啪;攻击击杀总计单位_12;210301;105;12;400080;;0;1;;;0;
1037;神威;使用主神技能1次;200101;106;1;400030;;0;1;;;0;
1038;神威;使用主神技能2次;200101;106;2;400050;;0;1;;;0;
1039;神威;使用主神技能3次;200101;106;3;400070;;0;1;;;0;
1040;雾霾退散;战斗中驱散16个迷雾区域;210701;107;16;400030;;0;1;;;0;
1041;雾霾退散;战斗中驱散32个迷雾区域;210701;107;32;400050;;0;1;;;0;
1042;雾霾退散;战斗中驱散48个迷雾区域;210701;107;48;400070;;0;1;;;0;
2101;卡组构成;编辑出战卡组;205501;80;1;400100;2102;1;3;;;1;2101
2102;第二套卡组构成;设置第二套卡组;205501;55;1;400100;;1;3;;;0;2102
2201;弹幕收集;拥有30张不同的弹幕卡;210801;108;30;400100;2202;1;3;;;0;2201
2202;回忆收集;拥有30张不同的神迹卡;210801;109;30;400100;2203;0;3;;;0;2201
2203;人才济济;拥有10位不同的附属神;210801;110;10;400100;2204;0;3;;;0;2201
2204;弹幕收藏家;拥有5张不同的品质为传说的弹幕卡;210801;111;5;400200;2205;0;3;;;0;2201
2205;人才济济2;拥有2位品质为稀有的附属神;210801;112;2;400200;2206;0;3;;;0;2201
2206;哈雷姆;拥有1位品质为传说的附属神;210801;113;1;400300;;0;3;;;0;2201
2301;第一步;进行一场对战;206501;4;1;400100;2302;1;3;;;0;2301
2302;十胜;获得十场争乱模式胜利;206501;65;10;400100;2303;0;3;;;0;2301
2303;身经百战;获得五十场争乱模式胜利;206501;65;50;400200;2304;0;3;;;0;2301
2304;百胜;获得一百场争乱模式胜利;206501;65;100;400300;2305;0;3;;;0;2301
2305;和平使者;获得五百场争乱模式胜利;206501;65;500;400500;;0;3;;;0;2301
2306;天梯挑战者;获得一场天梯模式胜利;206701;67;1;400100;2307;1;3;;;0;2306
2307;天梯挑战者;进行十场天梯模式;206701;67;10;400100;2308;0;3;;;0;2306
2308;天梯挑战者;进行五十场天梯模式;206701;67;50;400250;2309;0;3;;;0;2306
2309;天梯挑战者;进行一百场天梯模式;206701;67;100;400500;;0;3;;;0;2306
2310;天梯挑战1;天梯模式达到1100;211401;114;1;400100;2311;0;3;;;1;
2311;天梯挑战2;天梯模式达到1200;211401;114;2;400200;2312;0;3;;;1;2310
2312;天梯挑战3;天梯模式达到1300;211401;114;3;400300;2313;0;3;;;1;2310
2313;天梯挑战4;天梯模式达到1400;211401;114;4;400400;2314;0;3;;;1;2310
2314;天梯挑战5;天梯模式达到1500;211401;114;5;400500;2315;0;3;;;1;2310
2315;天梯挑战6;天梯模式达到1600;211401;114;6;400600;2316;0;3;;;1;2310
2316;天梯挑战7;天梯模式达到1700;211401;114;7;400700;2317;0;3;;;1;2310
2317;天梯挑战8;天梯模式达到1800;211401;114;8;400800;2318;0;3;;;1;2310
2318;天梯挑战9;天梯模式达到1900;211401;114;9;400900;2319;0;3;;;1;2310
2319;天梯挑战10;天梯模式达到2000;211401;114;10;401000;;0;3;;;1;2310
2401;你OO是老子的master吗?;进行一次召唤;205401;54;1;400050;2402;1;3;;;0;2401
2402;你OO是老子的master吗?第二季;进行十次召唤;205401;54;10;400100;2403;0;3;;;0;2401
2403;你OO是老子的master吗?第三季;进行五十次召唤;205401;54;50;400100;2404;0;3;;;0;2401
2404;你OO是老子的master吗?第四季;进行一百次召唤;205401;54;100;400250;2405;0;3;;;0;2401
2405;你OO是老子的master吗?第五季;进行二百三十三次召唤;205401;54;233;400500;;0;3;;;0;2401
2501;信仰 高天原;天照等级达到2;210201;201;2;400050;2502;1;3;;;0;2501
2502;信仰 高天原;天照等级达到3;210201;201;3;400050;2503;0;3;;;0;2501
2503;信仰 高天原;天照等级达到4;210201;201;4;400050;2504;0;3;;;0;2501
2504;信仰 高天原;天照等级达到5;210201;201;5;400050;2505;0;3;;;0;2501
2505;信仰 高天原;天照等级达到6;210201;201;6;400050;2506;0;3;;;0;2501
2506;信仰 高天原;天照等级达到7;210201;201;7;400050;2507;0;3;;;0;2501
2507;信仰 高天原;天照等级达到8;210201;201;8;400050;2508;0;3;;;0;2501
2508;信仰 高天原;天照等级达到9;210201;201;9;400050;2509;0;3;;;0;2501
2509;信仰 高天原;天照等级达到10;210201;201;10;400050;2510;0;3;;;0;2501
2510;信仰 高天原;天照等级达到11;210201;201;11;400050;2511;0;3;;;0;2501
2511;信仰 高天原;天照等级达到12;210201;201;12;400050;2512;0;3;;;0;2501
2512;信仰 高天原;天照等级达到13;210201;201;13;400050;2513;0;3;;;0;2501
2513;信仰 高天原;天照等级达到14;210201;201;14;400050;2514;0;3;;;0;2501
2514;信仰 高天原;天照等级达到15;210201;201;15;400050;2515;0;3;;;0;2501
2515;信仰 高天原;天照等级达到16;210201;201;16;400050;2516;0;3;;;0;2501
2516;信仰 高天原;天照等级达到17;210201;201;17;400050;2517;0;3;;;0;2501
2517;信仰 高天原;天照等级达到18;210201;201;18;400050;2518;0;3;;;0;2501
2518;信仰 高天原;天照等级达到19;210201;201;19;400050;2519;0;3;;;0;2501
2519;信仰 高天原;天照等级达到20;210201;201;20;400050;2520;0;3;;;0;2501
2520;信仰 高天原;天照等级达到21;210201;201;21;400050;2521;0;3;;;0;2501
2521;信仰 高天原;天照等级达到22;210201;201;22;400050;2522;0;3;;;0;2501
2522;信仰 高天原;天照等级达到23;210201;201;23;400050;2523;0;3;;;0;2501
2523;信仰 高天原;天照等级达到24;210201;201;24;400050;2524;0;3;;;0;2501
2524;信仰 高天原;天照等级达到25;210201;201;25;400050;2525;0;3;;;0;2501
2525;信仰 高天原;天照等级达到26;210201;201;26;400050;2526;0;3;;;0;2501
2526;信仰 高天原;天照等级达到27;210201;201;27;400050;2527;0;3;;;0;2501
2527;信仰 高天原;天照等级达到28;210201;201;28;400050;2528;0;3;;;0;2501
2528;信仰 高天原;天照等级达到29;210201;201;29;400050;2529;0;3;;;0;2501
2529;信仰 高天原;天照等级达到30;210201;201;30;400050;2530;0;3;;;0;2501
2530;信仰 高天原;天照等级达到31;210201;201;31;400050;2531;0;3;;;0;2501
2531;信仰 高天原;天照等级达到32;210201;201;32;400050;2532;0;3;;;0;2501
2532;信仰 高天原;天照等级达到33;210201;201;33;400050;2533;0;3;;;0;2501
2533;信仰 高天原;天照等级达到34;210201;201;34;400050;2534;0;3;;;0;2501
2534;信仰 高天原;天照等级达到35;210201;201;35;400050;2535;0;3;;;0;2501
2535;信仰 高天原;天照等级达到36;210201;201;36;400050;2536;0;3;;;0;2501
2536;信仰 高天原;天照等级达到37;210201;201;37;400050;2537;0;3;;;0;2501
2537;信仰 高天原;天照等级达到38;210201;201;38;400050;2538;0;3;;;0;2501
2538;信仰 高天原;天照等级达到39;210201;201;39;400050;2539;0;3;;;0;2501
2539;信仰 高天原;天照等级达到40;210201;201;40;400050;2540;0;3;;;0;2501
2540;信仰 高天原;天照等级达到41;210201;201;41;400050;2541;0;3;;;0;2501
2541;信仰 高天原;天照等级达到42;210201;201;42;400050;2542;0;3;;;0;2501
2542;信仰 高天原;天照等级达到43;210201;201;43;400050;2543;0;3;;;0;2501
2543;信仰 高天原;天照等级达到44;210201;201;44;400050;2544;0;3;;;0;2501
2544;信仰 高天原;天照等级达到45;210201;201;45;400050;2545;0;3;;;0;2501
2545;信仰 高天原;天照等级达到46;210201;201;46;400050;2546;0;3;;;0;2501
2546;信仰 高天原;天照等级达到47;210201;201;47;400050;2547;0;3;;;0;2501
2547;信仰 高天原;天照等级达到48;210201;201;48;400050;2548;0;3;;;0;2501
2548;信仰 高天原;天照等级达到49;210201;201;49;400050;2549;0;3;;;0;2501
2549;信仰 高天原;天照等级达到50;210201;201;50;400050;2550;0;3;;;0;2501
2550;信仰 高天原;天照等级达到51;210201;201;51;400050;2551;0;3;;;0;2501
2551;信仰 高天原;天照等级达到52;210201;201;52;400050;2552;0;3;;;0;2501
2552;信仰 高天原;天照等级达到53;210201;201;53;400050;2553;0;3;;;0;2501
2553;信仰 高天原;天照等级达到54;210201;201;54;400050;2554;0;3;;;0;2501
2554;信仰 高天原;天照等级达到55;210201;201;55;400050;2555;0;3;;;0;2501
2555;信仰 高天原;天照等级达到56;210201;201;56;400050;2556;0;3;;;0;2501
2556;信仰 高天原;天照等级达到57;210201;201;57;400050;2557;0;3;;;0;2501
2557;信仰 高天原;天照等级达到58;210201;201;58;400050;2558;0;3;;;0;2501
2558;信仰 高天原;天照等级达到59;210201;201;59;400050;2559;0;3;;;0;2501
2559;信仰 高天原;天照等级达到60;210201;201;60;400050;2560;0;3;;;0;2501
2560;信仰 高天原;天照等级达到61;210201;201;61;400050;2561;0;3;;;0;2501
2561;信仰 高天原;天照等级达到62;210201;201;62;400050;2562;0;3;;;0;2501
2562;信仰 高天原;天照等级达到63;210201;201;63;400050;2563;0;3;;;0;2501
2563;信仰 高天原;天照等级达到64;210201;201;64;400050;2564;0;3;;;0;2501
2564;信仰 高天原;天照等级达到65;210201;201;65;400050;2565;0;3;;;0;2501
2565;信仰 高天原;天照等级达到66;210201;201;66;400050;2566;0;3;;;0;2501
2566;信仰 高天原;天照等级达到67;210201;201;67;400050;2567;0;3;;;0;2501
2567;信仰 高天原;天照等级达到68;210201;201;68;400050;2568;0;3;;;0;2501
2568;信仰 高天原;天照等级达到69;210201;201;69;400050;2569;0;3;;;0;2501
2569;信仰 高天原;天照等级达到70;210201;201;70;400050;2570;0;3;;;0;2501
2570;信仰 高天原;天照等级达到71;210201;201;71;400050;2571;0;3;;;0;2501
2571;信仰 高天原;天照等级达到72;210201;201;72;400050;2572;0;3;;;0;2501
2572;信仰 高天原;天照等级达到73;210201;201;73;400050;2573;0;3;;;0;2501
2573;信仰 高天原;天照等级达到74;210201;201;74;400050;2574;0;3;;;0;2501
2574;信仰 高天原;天照等级达到75;210201;201;75;400050;2575;0;3;;;0;2501
2575;信仰 高天原;天照等级达到76;210201;201;76;400050;2576;0;3;;;0;2501
2576;信仰 高天原;天照等级达到77;210201;201;77;400050;2577;0;3;;;0;2501
2577;信仰 高天原;天照等级达到78;210201;201;78;400050;2578;0;3;;;0;2501
2578;信仰 高天原;天照等级达到79;210201;201;79;400050;2579;0;3;;;0;2501
2579;信仰 高天原;天照等级达到80;210201;201;80;400050;2580;0;3;;;0;2501
2580;信仰 高天原;天照等级达到81;210201;201;81;400050;2581;0;3;;;0;2501
2581;信仰 高天原;天照等级达到82;210201;201;82;400050;2582;0;3;;;0;2501
2582;信仰 高天原;天照等级达到83;210201;201;83;400050;2583;0;3;;;0;2501
2583;信仰 高天原;天照等级达到84;210201;201;84;400050;2584;0;3;;;0;2501
2584;信仰 高天原;天照等级达到85;210201;201;85;400050;2585;0;3;;;0;2501
2585;信仰 高天原;天照等级达到86;210201;201;86;400050;2586;0;3;;;0;2501
2586;信仰 高天原;天照等级达到87;210201;201;87;400050;2587;0;3;;;0;2501
2587;信仰 高天原;天照等级达到88;210201;201;88;400050;2588;0;3;;;0;2501
2588;信仰 高天原;天照等级达到89;210201;201;89;400050;2589;0;3;;;0;2501
2589;信仰 高天原;天照等级达到90;210201;201;90;400050;2590;0;3;;;0;2501
2590;信仰 高天原;天照等级达到91;210201;201;91;400050;2591;0;3;;;0;2501
2591;信仰 高天原;天照等级达到92;210201;201;92;400050;2592;0;3;;;0;2501
2592;信仰 高天原;天照等级达到93;210201;201;93;400050;2593;0;3;;;0;2501
2593;信仰 高天原;天照等级达到94;210201;201;94;400050;2594;0;3;;;0;2501
2594;信仰 高天原;天照等级达到95;210201;201;95;400050;2595;0;3;;;0;2501
2595;信仰 高天原;天照等级达到96;210201;201;96;400050;2596;0;3;;;0;2501
2596;信仰 高天原;天照等级达到97;210201;201;97;400050;2597;0;3;;;0;2501
2597;信仰 高天原;天照等级达到98;210201;201;98;400050;2598;0;3;;;0;2501
2598;信仰 高天原;天照等级达到99;210201;201;99;400050;2599;0;3;;;0;2501
2599;信仰 高天原;天照等级达到100;210201;201;100;400050;;0;3;;;0;2501
2601;信仰 阿斯加德;奥丁等级达到2;210101;202;2;400050;2602;1;3;;;0;2601
2602;信仰 阿斯加德;奥丁等级达到3;210101;202;3;400050;2603;0;3;;;0;2601
2603;信仰 阿斯加德;奥丁等级达到4;210101;202;4;400050;2604;0;3;;;0;2601
2604;信仰 阿斯加德;奥丁等级达到5;210101;202;5;400050;2605;0;3;;;0;2601
2605;信仰 阿斯加德;奥丁等级达到6;210101;202;6;400050;2606;0;3;;;0;2601
2606;信仰 阿斯加德;奥丁等级达到7;210101;202;7;400050;2607;0;3;;;0;2601
2607;信仰 阿斯加德;奥丁等级达到8;210101;202;8;400050;2608;0;3;;;0;2601
2608;信仰 阿斯加德;奥丁等级达到9;210101;202;9;400050;2609;0;3;;;0;2601
2609;信仰 阿斯加德;奥丁等级达到10;210101;202;10;400050;2610;0;3;;;0;2601
2610;信仰 阿斯加德;奥丁等级达到11;210101;202;11;400050;2611;0;3;;;0;2601
2611;信仰 阿斯加德;奥丁等级达到12;210101;202;12;400050;2612;0;3;;;0;2601
2612;信仰 阿斯加德;奥丁等级达到13;210101;202;13;400050;2613;0;3;;;0;2601
2613;信仰 阿斯加德;奥丁等级达到14;210101;202;14;400050;2614;0;3;;;0;2601
2614;信仰 阿斯加德;奥丁等级达到15;210101;202;15;400050;2615;0;3;;;0;2601
2615;信仰 阿斯加德;奥丁等级达到16;210101;202;16;400050;2616;0;3;;;0;2601
2616;信仰 阿斯加德;奥丁等级达到17;210101;202;17;400050;2617;0;3;;;0;2601
2617;信仰 阿斯加德;奥丁等级达到18;210101;202;18;400050;2618;0;3;;;0;2601
2618;信仰 阿斯加德;奥丁等级达到19;210101;202;19;400050;2619;0;3;;;0;2601
2619;信仰 阿斯加德;奥丁等级达到20;210101;202;20;400050;2620;0;3;;;0;2601
2620;信仰 阿斯加德;奥丁等级达到21;210101;202;21;400050;2621;0;3;;;0;2601
2621;信仰 阿斯加德;奥丁等级达到22;210101;202;22;400050;2622;0;3;;;0;2601
2622;信仰 阿斯加德;奥丁等级达到23;210101;202;23;400050;2623;0;3;;;0;2601
2623;信仰 阿斯加德;奥丁等级达到24;210101;202;24;400050;2624;0;3;;;0;2601
2624;信仰 阿斯加德;奥丁等级达到25;210101;202;25;400050;2625;0;3;;;0;2601
2625;信仰 阿斯加德;奥丁等级达到26;210101;202;26;400050;2626;0;3;;;0;2601
2626;信仰 阿斯加德;奥丁等级达到27;210101;202;27;400050;2627;0;3;;;0;2601
2627;信仰 阿斯加德;奥丁等级达到28;210101;202;28;400050;2628;0;3;;;0;2601
2628;信仰 阿斯加德;奥丁等级达到29;210101;202;29;400050;2629;0;3;;;0;2601
2629;信仰 阿斯加德;奥丁等级达到30;210101;202;30;400050;2630;0;3;;;0;2601
2630;信仰 阿斯加德;奥丁等级达到31;210101;202;31;400050;2631;0;3;;;0;2601
2631;信仰 阿斯加德;奥丁等级达到32;210101;202;32;400050;2632;0;3;;;0;2601
2632;信仰 阿斯加德;奥丁等级达到33;210101;202;33;400050;2633;0;3;;;0;2601
2633;信仰 阿斯加德;奥丁等级达到34;210101;202;34;400050;2634;0;3;;;0;2601
2634;信仰 阿斯加德;奥丁等级达到35;210101;202;35;400050;2635;0;3;;;0;2601
2635;信仰 阿斯加德;奥丁等级达到36;210101;202;36;400050;2636;0;3;;;0;2601
2636;信仰 阿斯加德;奥丁等级达到37;210101;202;37;400050;2637;0;3;;;0;2601
2637;信仰 阿斯加德;奥丁等级达到38;210101;202;38;400050;2638;0;3;;;0;2601
2638;信仰 阿斯加德;奥丁等级达到39;210101;202;39;400050;2639;0;3;;;0;2601
2639;信仰 阿斯加德;奥丁等级达到40;210101;202;40;400050;2640;0;3;;;0;2601
2640;信仰 阿斯加德;奥丁等级达到41;210101;202;41;400050;2641;0;3;;;0;2601
2641;信仰 阿斯加德;奥丁等级达到42;210101;202;42;400050;2642;0;3;;;0;2601
2642;信仰 阿斯加德;奥丁等级达到43;210101;202;43;400050;2643;0;3;;;0;2601
2643;信仰 阿斯加德;奥丁等级达到44;210101;202;44;400050;2644;0;3;;;0;2601
2644;信仰 阿斯加德;奥丁等级达到45;210101;202;45;400050;2645;0;3;;;0;2601
2645;信仰 阿斯加德;奥丁等级达到46;210101;202;46;400050;2646;0;3;;;0;2601
2646;信仰 阿斯加德;奥丁等级达到47;210101;202;47;400050;2647;0;3;;;0;2601
2647;信仰 阿斯加德;奥丁等级达到48;210101;202;48;400050;2648;0;3;;;0;2601
2648;信仰 阿斯加德;奥丁等级达到49;210101;202;49;400050;2649;0;3;;;0;2601
2649;信仰 阿斯加德;奥丁等级达到50;210101;202;50;400050;2650;0;3;;;0;2601
2650;信仰 阿斯加德;奥丁等级达到51;210101;202;51;400050;2651;0;3;;;0;2601
2651;信仰 阿斯加德;奥丁等级达到52;210101;202;52;400050;2652;0;3;;;0;2601
2652;信仰 阿斯加德;奥丁等级达到53;210101;202;53;400050;2653;0;3;;;0;2601
2653;信仰 阿斯加德;奥丁等级达到54;210101;202;54;400050;2654;0;3;;;0;2601
2654;信仰 阿斯加德;奥丁等级达到55;210101;202;55;400050;2655;0;3;;;0;2601
2655;信仰 阿斯加德;奥丁等级达到56;210101;202;56;400050;2656;0;3;;;0;2601
2656;信仰 阿斯加德;奥丁等级达到57;210101;202;57;400050;2657;0;3;;;0;2601
2657;信仰 阿斯加德;奥丁等级达到58;210101;202;58;400050;2658;0;3;;;0;2601
2658;信仰 阿斯加德;奥丁等级达到59;210101;202;59;400050;2659;0;3;;;0;2601
2659;信仰 阿斯加德;奥丁等级达到60;210101;202;60;400050;2660;0;3;;;0;2601
2660;信仰 阿斯加德;奥丁等级达到61;210101;202;61;400050;2661;0;3;;;0;2601
2661;信仰 阿斯加德;奥丁等级达到62;210101;202;62;400050;2662;0;3;;;0;2601
2662;信仰 阿斯加德;奥丁等级达到63;210101;202;63;400050;2663;0;3;;;0;2601
2663;信仰 阿斯加德;奥丁等级达到64;210101;202;64;400050;2664;0;3;;;0;2601
2664;信仰 阿斯加德;奥丁等级达到65;210101;202;65;400050;2665;0;3;;;0;2601
2665;信仰 阿斯加德;奥丁等级达到66;210101;202;66;400050;2666;0;3;;;0;2601
2666;信仰 阿斯加德;奥丁等级达到67;210101;202;67;400050;2667;0;3;;;0;2601
2667;信仰 阿斯加德;奥丁等级达到68;210101;202;68;400050;2668;0;3;;;0;2601
2668;信仰 阿斯加德;奥丁等级达到69;210101;202;69;400050;2669;0;3;;;0;2601
2669;信仰 阿斯加德;奥丁等级达到70;210101;202;70;400050;2670;0;3;;;0;2601
2670;信仰 阿斯加德;奥丁等级达到71;210101;202;71;400050;2671;0;3;;;0;2601
2671;信仰 阿斯加德;奥丁等级达到72;210101;202;72;400050;2672;0;3;;;0;2601
2672;信仰 阿斯加德;奥丁等级达到73;210101;202;73;400050;2673;0;3;;;0;2601
2673;信仰 阿斯加德;奥丁等级达到74;210101;202;74;400050;2674;0;3;;;0;2601
2674;信仰 阿斯加德;奥丁等级达到75;210101;202;75;400050;2675;0;3;;;0;2601
2675;信仰 阿斯加德;奥丁等级达到76;210101;202;76;400050;2676;0;3;;;0;2601
2676;信仰 阿斯加德;奥丁等级达到77;210101;202;77;400050;2677;0;3;;;0;2601
2677;信仰 阿斯加德;奥丁等级达到78;210101;202;78;400050;2678;0;3;;;0;2601
2678;信仰 阿斯加德;奥丁等级达到79;210101;202;79;400050;2679;0;3;;;0;2601
2679;信仰 阿斯加德;奥丁等级达到80;210101;202;80;400050;2680;0;3;;;0;2601
2680;信仰 阿斯加德;奥丁等级达到81;210101;202;81;400050;2681;0;3;;;0;2601
2681;信仰 阿斯加德;奥丁等级达到82;210101;202;82;400050;2682;0;3;;;0;2601
2682;信仰 阿斯加德;奥丁等级达到83;210101;202;83;400050;2683;0;3;;;0;2601
2683;信仰 阿斯加德;奥丁等级达到84;210101;202;84;400050;2684;0;3;;;0;2601
2684;信仰 阿斯加德;奥丁等级达到85;210101;202;85;400050;2685;0;3;;;0;2601
2685;信仰 阿斯加德;奥丁等级达到86;210101;202;86;400050;2686;0;3;;;0;2601
2686;信仰 阿斯加德;奥丁等级达到87;210101;202;87;400050;2687;0;3;;;0;2601
2687;信仰 阿斯加德;奥丁等级达到88;210101;202;88;400050;2688;0;3;;;0;2601
2688;信仰 阿斯加德;奥丁等级达到89;210101;202;89;400050;2689;0;3;;;0;2601
2689;信仰 阿斯加德;奥丁等级达到90;210101;202;90;400050;2690;0;3;;;0;2601
2690;信仰 阿斯加德;奥丁等级达到91;210101;202;91;400050;2691;0;3;;;0;2601
2691;信仰 阿斯加德;奥丁等级达到92;210101;202;92;400050;2692;0;3;;;0;2601
2692;信仰 阿斯加德;奥丁等级达到93;210101;202;93;400050;2693;0;3;;;0;2601
2693;信仰 阿斯加德;奥丁等级达到94;210101;202;94;400050;2694;0;3;;;0;2601
2694;信仰 阿斯加德;奥丁等级达到95;210101;202;95;400050;2695;0;3;;;0;2601
2695;信仰 阿斯加德;奥丁等级达到96;210101;202;96;400050;2696;0;3;;;0;2601
2696;信仰 阿斯加德;奥丁等级达到97;210101;202;97;400050;2697;0;3;;;0;2601
2697;信仰 阿斯加德;奥丁等级达到98;210101;202;98;400050;2698;0;3;;;0;2601
2698;信仰 阿斯加德;奥丁等级达到99;210101;202;99;400050;2699;0;3;;;0;2601
2699;信仰 阿斯加德;奥丁等级达到100;210101;202;100;400050;;0;3;;;0;2601
2701;信仰 太清殿;老君等级达到2;210401;203;2;400050;2702;1;3;;;0;2701
2702;信仰 太清殿;老君等级达到3;210401;203;3;400050;2703;0;3;;;0;2701
2703;信仰 太清殿;老君等级达到4;210401;203;4;400050;2704;0;3;;;0;2701
2704;信仰 太清殿;老君等级达到5;210401;203;5;400050;2705;0;3;;;0;2701
2705;信仰 太清殿;老君等级达到6;210401;203;6;400050;2706;0;3;;;0;2701
2706;信仰 太清殿;老君等级达到7;210401;203;7;400050;2707;0;3;;;0;2701
2707;信仰 太清殿;老君等级达到8;210401;203;8;400050;2708;0;3;;;0;2701
2708;信仰 太清殿;老君等级达到9;210401;203;9;400050;2709;0;3;;;0;2701
2709;信仰 太清殿;老君等级达到10;210401;203;10;400050;2710;0;3;;;0;2701
2710;信仰 太清殿;老君等级达到11;210401;203;11;400050;2711;0;3;;;0;2701
2711;信仰 太清殿;老君等级达到12;210401;203;12;400050;2712;0;3;;;0;2701
2712;信仰 太清殿;老君等级达到13;210401;203;13;400050;2713;0;3;;;0;2701
2713;信仰 太清殿;老君等级达到14;210401;203;14;400050;2714;0;3;;;0;2701
2714;信仰 太清殿;老君等级达到15;210401;203;15;400050;2715;0;3;;;0;2701
2715;信仰 太清殿;老君等级达到16;210401;203;16;400050;2716;0;3;;;0;2701
2716;信仰 太清殿;老君等级达到17;210401;203;17;400050;2717;0;3;;;0;2701
2717;信仰 太清殿;老君等级达到18;210401;203;18;400050;2718;0;3;;;0;2701
2718;信仰 太清殿;老君等级达到19;210401;203;19;400050;2719;0;3;;;0;2701
2719;信仰 太清殿;老君等级达到20;210401;203;20;400050;2720;0;3;;;0;2701
2720;信仰 太清殿;老君等级达到21;210401;203;21;400050;2721;0;3;;;0;2701
2721;信仰 太清殿;老君等级达到22;210401;203;22;400050;2722;0;3;;;0;2701
2722;信仰 太清殿;老君等级达到23;210401;203;23;400050;2723;0;3;;;0;2701
2723;信仰 太清殿;老君等级达到24;210401;203;24;400050;2724;0;3;;;0;2701
2724;信仰 太清殿;老君等级达到25;210401;203;25;400050;2725;0;3;;;0;2701
2725;信仰 太清殿;老君等级达到26;210401;203;26;400050;2726;0;3;;;0;2701
2726;信仰 太清殿;老君等级达到27;210401;203;27;400050;2727;0;3;;;0;2701
2727;信仰 太清殿;老君等级达到28;210401;203;28;400050;2728;0;3;;;0;2701
2728;信仰 太清殿;老君等级达到29;210401;203;29;400050;2729;0;3;;;0;2701
2729;信仰 太清殿;老君等级达到30;210401;203;30;400050;2730;0;3;;;0;2701
2730;信仰 太清殿;老君等级达到31;210401;203;31;400050;2731;0;3;;;0;2701
2731;信仰 太清殿;老君等级达到32;210401;203;32;400050;2732;0;3;;;0;2701
2732;信仰 太清殿;老君等级达到33;210401;203;33;400050;2733;0;3;;;0;2701
2733;信仰 太清殿;老君等级达到34;210401;203;34;400050;2734;0;3;;;0;2701
2734;信仰 太清殿;老君等级达到35;210401;203;35;400050;2735;0;3;;;0;2701
2735;信仰 太清殿;老君等级达到36;210401;203;36;400050;2736;0;3;;;0;2701
2736;信仰 太清殿;老君等级达到37;210401;203;37;400050;2737;0;3;;;0;2701
2737;信仰 太清殿;老君等级达到38;210401;203;38;400050;2738;0;3;;;0;2701
2738;信仰 太清殿;老君等级达到39;210401;203;39;400050;2739;0;3;;;0;2701
2739;信仰 太清殿;老君等级达到40;210401;203;40;400050;2740;0;3;;;0;2701
2740;信仰 太清殿;老君等级达到41;210401;203;41;400050;2741;0;3;;;0;2701
2741;信仰 太清殿;老君等级达到42;210401;203;42;400050;2742;0;3;;;0;2701
2742;信仰 太清殿;老君等级达到43;210401;203;43;400050;2743;0;3;;;0;2701
2743;信仰 太清殿;老君等级达到44;210401;203;44;400050;2744;0;3;;;0;2701
2744;信仰 太清殿;老君等级达到45;210401;203;45;400050;2745;0;3;;;0;2701
2745;信仰 太清殿;老君等级达到46;210401;203;46;400050;2746;0;3;;;0;2701
2746;信仰 太清殿;老君等级达到47;210401;203;47;400050;2747;0;3;;;0;2701
2747;信仰 太清殿;老君等级达到48;210401;203;48;400050;2748;0;3;;;0;2701
2748;信仰 太清殿;老君等级达到49;210401;203;49;400050;2749;0;3;;;0;2701
2749;信仰 太清殿;老君等级达到50;210401;203;50;400050;2750;0;3;;;0;2701
2750;信仰 太清殿;老君等级达到51;210401;203;51;400050;2751;0;3;;;0;2701
2751;信仰 太清殿;老君等级达到52;210401;203;52;400050;2752;0;3;;;0;2701
2752;信仰 太清殿;老君等级达到53;210401;203;53;400050;2753;0;3;;;0;2701
2753;信仰 太清殿;老君等级达到54;210401;203;54;400050;2754;0;3;;;0;2701
2754;信仰 太清殿;老君等级达到55;210401;203;55;400050;2755;0;3;;;0;2701
2755;信仰 太清殿;老君等级达到56;210401;203;56;400050;2756;0;3;;;0;2701
2756;信仰 太清殿;老君等级达到57;210401;203;57;400050;2757;0;3;;;0;2701
2757;信仰 太清殿;老君等级达到58;210401;203;58;400050;2758;0;3;;;0;2701
2758;信仰 太清殿;老君等级达到59;210401;203;59;400050;2759;0;3;;;0;2701
2759;信仰 太清殿;老君等级达到60;210401;203;60;400050;2760;0;3;;;0;2701
2760;信仰 太清殿;老君等级达到61;210401;203;61;400050;2761;0;3;;;0;2701
2761;信仰 太清殿;老君等级达到62;210401;203;62;400050;2762;0;3;;;0;2701
2762;信仰 太清殿;老君等级达到63;210401;203;63;400050;2763;0;3;;;0;2701
2763;信仰 太清殿;老君等级达到64;210401;203;64;400050;2764;0;3;;;0;2701
2764;信仰 太清殿;老君等级达到65;210401;203;65;400050;2765;0;3;;;0;2701
2765;信仰 太清殿;老君等级达到66;210401;203;66;400050;2766;0;3;;;0;2701
2766;信仰 太清殿;老君等级达到67;210401;203;67;400050;2767;0;3;;;0;2701
2767;信仰 太清殿;老君等级达到68;210401;203;68;400050;2768;0;3;;;0;2701
2768;信仰 太清殿;老君等级达到69;210401;203;69;400050;2769;0;3;;;0;2701
2769;信仰 太清殿;老君等级达到70;210401;203;70;400050;2770;0;3;;;0;2701
2770;信仰 太清殿;老君等级达到71;210401;203;71;400050;2771;0;3;;;0;2701
2771;信仰 太清殿;老君等级达到72;210401;203;72;400050;2772;0;3;;;0;2701
2772;信仰 太清殿;老君等级达到73;210401;203;73;400050;2773;0;3;;;0;2701
2773;信仰 太清殿;老君等级达到74;210401;203;74;400050;2774;0;3;;;0;2701
2774;信仰 太清殿;老君等级达到75;210401;203;75;400050;2775;0;3;;;0;2701
2775;信仰 太清殿;老君等级达到76;210401;203;76;400050;2776;0;3;;;0;2701
2776;信仰 太清殿;老君等级达到77;210401;203;77;400050;2777;0;3;;;0;2701
2777;信仰 太清殿;老君等级达到78;210401;203;78;400050;2778;0;3;;;0;2701
2778;信仰 太清殿;老君等级达到79;210401;203;79;400050;2779;0;3;;;0;2701
2779;信仰 太清殿;老君等级达到80;210401;203;80;400050;2780;0;3;;;0;2701
2780;信仰 太清殿;老君等级达到81;210401;203;81;400050;2781;0;3;;;0;2701
2781;信仰 太清殿;老君等级达到82;210401;203;82;400050;2782;0;3;;;0;2701
2782;信仰 太清殿;老君等级达到83;210401;203;83;400050;2783;0;3;;;0;2701
2783;信仰 太清殿;老君等级达到84;210401;203;84;400050;2784;0;3;;;0;2701
2784;信仰 太清殿;老君等级达到85;210401;203;85;400050;2785;0;3;;;0;2701
2785;信仰 太清殿;老君等级达到86;210401;203;86;400050;2786;0;3;;;0;2701
2786;信仰 太清殿;老君等级达到87;210401;203;87;400050;2787;0;3;;;0;2701
2787;信仰 太清殿;老君等级达到88;210401;203;88;400050;2788;0;3;;;0;2701
2788;信仰 太清殿;老君等级达到89;210401;203;89;400050;2789;0;3;;;0;2701
2789;信仰 太清殿;老君等级达到90;210401;203;90;400050;2790;0;3;;;0;2701
2790;信仰 太清殿;老君等级达到91;210401;203;91;400050;2791;0;3;;;0;2701
2791;信仰 太清殿;老君等级达到92;210401;203;92;400050;2792;0;3;;;0;2701
2792;信仰 太清殿;老君等级达到93;210401;203;93;400050;2793;0;3;;;0;2701
2793;信仰 太清殿;老君等级达到94;210401;203;94;400050;2794;0;3;;;0;2701
2794;信仰 太清殿;老君等级达到95;210401;203;95;400050;2795;0;3;;;0;2701
2795;信仰 太清殿;老君等级达到96;210401;203;96;400050;2796;0;3;;;0;2701
2796;信仰 太清殿;老君等级达到97;210401;203;97;400050;2797;0;3;;;0;2701
2797;信仰 太清殿;老君等级达到98;210401;203;98;400050;2798;0;3;;;0;2701
2798;信仰 太清殿;老君等级达到99;210401;203;99;400050;2799;0;3;;;0;2701
2799;信仰 太清殿;老君等级达到100;210401;203;100;400050;;0;3;;;0;2701
2801;信仰 尼夫尔海姆;伊米尔等级达到2;210301;204;2;400050;2802;1;3;;;0;2801
2802;信仰 尼夫尔海姆;伊米尔等级达到3;210301;204;3;400050;2803;0;3;;;0;2801
2803;信仰 尼夫尔海姆;伊米尔等级达到4;210301;204;4;400050;2804;0;3;;;0;2801
2804;信仰 尼夫尔海姆;伊米尔等级达到5;210301;204;5;400050;2805;0;3;;;0;2801
2805;信仰 尼夫尔海姆;伊米尔等级达到6;210301;204;6;400050;2806;0;3;;;0;2801
2806;信仰 尼夫尔海姆;伊米尔等级达到7;210301;204;7;400050;2807;0;3;;;0;2801
2807;信仰 尼夫尔海姆;伊米尔等级达到8;210301;204;8;400050;2808;0;3;;;0;2801
2808;信仰 尼夫尔海姆;伊米尔等级达到9;210301;204;9;400050;2809;0;3;;;0;2801
2809;信仰 尼夫尔海姆;伊米尔等级达到10;210301;204;10;400050;2810;0;3;;;0;2801
2810;信仰 尼夫尔海姆;伊米尔等级达到11;210301;204;11;400050;2811;0;3;;;0;2801
2811;信仰 尼夫尔海姆;伊米尔等级达到12;210301;204;12;400050;2812;0;3;;;0;2801
2812;信仰 尼夫尔海姆;伊米尔等级达到13;210301;204;13;400050;2813;0;3;;;0;2801
2813;信仰 尼夫尔海姆;伊米尔等级达到14;210301;204;14;400050;2814;0;3;;;0;2801
2814;信仰 尼夫尔海姆;伊米尔等级达到15;210301;204;15;400050;2815;0;3;;;0;2801
2815;信仰 尼夫尔海姆;伊米尔等级达到16;210301;204;16;400050;2816;0;3;;;0;2801
2816;信仰 尼夫尔海姆;伊米尔等级达到17;210301;204;17;400050;2817;0;3;;;0;2801
2817;信仰 尼夫尔海姆;伊米尔等级达到18;210301;204;18;400050;2818;0;3;;;0;2801
2818;信仰 尼夫尔海姆;伊米尔等级达到19;210301;204;19;400050;2819;0;3;;;0;2801
2819;信仰 尼夫尔海姆;伊米尔等级达到20;210301;204;20;400050;2820;0;3;;;0;2801
2820;信仰 尼夫尔海姆;伊米尔等级达到21;210301;204;21;400050;2821;0;3;;;0;2801
2821;信仰 尼夫尔海姆;伊米尔等级达到22;210301;204;22;400050;2822;0;3;;;0;2801
2822;信仰 尼夫尔海姆;伊米尔等级达到23;210301;204;23;400050;2823;0;3;;;0;2801
2823;信仰 尼夫尔海姆;伊米尔等级达到24;210301;204;24;400050;2824;0;3;;;0;2801
2824;信仰 尼夫尔海姆;伊米尔等级达到25;210301;204;25;400050;2825;0;3;;;0;2801
2825;信仰 尼夫尔海姆;伊米尔等级达到26;210301;204;26;400050;2826;0;3;;;0;2801
2826;信仰 尼夫尔海姆;伊米尔等级达到27;210301;204;27;400050;2827;0;3;;;0;2801
2827;信仰 尼夫尔海姆;伊米尔等级达到28;210301;204;28;400050;2828;0;3;;;0;2801
2828;信仰 尼夫尔海姆;伊米尔等级达到29;210301;204;29;400050;2829;0;3;;;0;2801
2829;信仰 尼夫尔海姆;伊米尔等级达到30;210301;204;30;400050;2830;0;3;;;0;2801
2830;信仰 尼夫尔海姆;伊米尔等级达到31;210301;204;31;400050;2831;0;3;;;0;2801
2831;信仰 尼夫尔海姆;伊米尔等级达到32;210301;204;32;400050;2832;0;3;;;0;2801
2832;信仰 尼夫尔海姆;伊米尔等级达到33;210301;204;33;400050;2833;0;3;;;0;2801
2833;信仰 尼夫尔海姆;伊米尔等级达到34;210301;204;34;400050;2834;0;3;;;0;2801
2834;信仰 尼夫尔海姆;伊米尔等级达到35;210301;204;35;400050;2835;0;3;;;0;2801
2835;信仰 尼夫尔海姆;伊米尔等级达到36;210301;204;36;400050;2836;0;3;;;0;2801
2836;信仰 尼夫尔海姆;伊米尔等级达到37;210301;204;37;400050;2837;0;3;;;0;2801
2837;信仰 尼夫尔海姆;伊米尔等级达到38;210301;204;38;400050;2838;0;3;;;0;2801
2838;信仰 尼夫尔海姆;伊米尔等级达到39;210301;204;39;400050;2839;0;3;;;0;2801
2839;信仰 尼夫尔海姆;伊米尔等级达到40;210301;204;40;400050;2840;0;3;;;0;2801
2840;信仰 尼夫尔海姆;伊米尔等级达到41;210301;204;41;400050;2841;0;3;;;0;2801
2841;信仰 尼夫尔海姆;伊米尔等级达到42;210301;204;42;400050;2842;0;3;;;0;2801
2842;信仰 尼夫尔海姆;伊米尔等级达到43;210301;204;43;400050;2843;0;3;;;0;2801
2843;信仰 尼夫尔海姆;伊米尔等级达到44;210301;204;44;400050;2844;0;3;;;0;2801
2844;信仰 尼夫尔海姆;伊米尔等级达到45;210301;204;45;400050;2845;0;3;;;0;2801
2845;信仰 尼夫尔海姆;伊米尔等级达到46;210301;204;46;400050;2846;0;3;;;0;2801
2846;信仰 尼夫尔海姆;伊米尔等级达到47;210301;204;47;400050;2847;0;3;;;0;2801
2847;信仰 尼夫尔海姆;伊米尔等级达到48;210301;204;48;400050;2848;0;3;;;0;2801
2848;信仰 尼夫尔海姆;伊米尔等级达到49;210301;204;49;400050;2849;0;3;;;0;2801
2849;信仰 尼夫尔海姆;伊米尔等级达到50;210301;204;50;400050;2850;0;3;;;0;2801
2850;信仰 尼夫尔海姆;伊米尔等级达到51;210301;204;51;400050;2851;0;3;;;0;2801
2851;信仰 尼夫尔海姆;伊米尔等级达到52;210301;204;52;400050;2852;0;3;;;0;2801
2852;信仰 尼夫尔海姆;伊米尔等级达到53;210301;204;53;400050;2853;0;3;;;0;2801
2853;信仰 尼夫尔海姆;伊米尔等级达到54;210301;204;54;400050;2854;0;3;;;0;2801
2854;信仰 尼夫尔海姆;伊米尔等级达到55;210301;204;55;400050;2855;0;3;;;0;2801
2855;信仰 尼夫尔海姆;伊米尔等级达到56;210301;204;56;400050;2856;0;3;;;0;2801
2856;信仰 尼夫尔海姆;伊米尔等级达到57;210301;204;57;400050;2857;0;3;;;0;2801
2857;信仰 尼夫尔海姆;伊米尔等级达到58;210301;204;58;400050;2858;0;3;;;0;2801
2858;信仰 尼夫尔海姆;伊米尔等级达到59;210301;204;59;400050;2859;0;3;;;0;2801
2859;信仰 尼夫尔海姆;伊米尔等级达到60;210301;204;60;400050;2860;0;3;;;0;2801
2860;信仰 尼夫尔海姆;伊米尔等级达到61;210301;204;61;400050;2861;0;3;;;0;2801
2861;信仰 尼夫尔海姆;伊米尔等级达到62;210301;204;62;400050;2862;0;3;;;0;2801
2862;信仰 尼夫尔海姆;伊米尔等级达到63;210301;204;63;400050;2863;0;3;;;0;2801
2863;信仰 尼夫尔海姆;伊米尔等级达到64;210301;204;64;400050;2864;0;3;;;0;2801
2864;信仰 尼夫尔海姆;伊米尔等级达到65;210301;204;65;400050;2865;0;3;;;0;2801
2865;信仰 尼夫尔海姆;伊米尔等级达到66;210301;204;66;400050;2866;0;3;;;0;2801
2866;信仰 尼夫尔海姆;伊米尔等级达到67;210301;204;67;400050;2867;0;3;;;0;2801
2867;信仰 尼夫尔海姆;伊米尔等级达到68;210301;204;68;400050;2868;0;3;;;0;2801
2868;信仰 尼夫尔海姆;伊米尔等级达到69;210301;204;69;400050;2869;0;3;;;0;2801
2869;信仰 尼夫尔海姆;伊米尔等级达到70;210301;204;70;400050;2870;0;3;;;0;2801
2870;信仰 尼夫尔海姆;伊米尔等级达到71;210301;204;71;400050;2871;0;3;;;0;2801
2871;信仰 尼夫尔海姆;伊米尔等级达到72;210301;204;72;400050;2872;0;3;;;0;2801
2872;信仰 尼夫尔海姆;伊米尔等级达到73;210301;204;73;400050;2873;0;3;;;0;2801
2873;信仰 尼夫尔海姆;伊米尔等级达到74;210301;204;74;400050;2874;0;3;;;0;2801
2874;信仰 尼夫尔海姆;伊米尔等级达到75;210301;204;75;400050;2875;0;3;;;0;2801
2875;信仰 尼夫尔海姆;伊米尔等级达到76;210301;204;76;400050;2876;0;3;;;0;2801
2876;信仰 尼夫尔海姆;伊米尔等级达到77;210301;204;77;400050;2877;0;3;;;0;2801
2877;信仰 尼夫尔海姆;伊米尔等级达到78;210301;204;78;400050;2878;0;3;;;0;2801
2878;信仰 尼夫尔海姆;伊米尔等级达到79;210301;204;79;400050;2879;0;3;;;0;2801
2879;信仰 尼夫尔海姆;伊米尔等级达到80;210301;204;80;400050;2880;0;3;;;0;2801
2880;信仰 尼夫尔海姆;伊米尔等级达到81;210301;204;81;400050;2881;0;3;;;0;2801
2881;信仰 尼夫尔海姆;伊米尔等级达到82;210301;204;82;400050;2882;0;3;;;0;2801
2882;信仰 尼夫尔海姆;伊米尔等级达到83;210301;204;83;400050;2883;0;3;;;0;2801
2883;信仰 尼夫尔海姆;伊米尔等级达到84;210301;204;84;400050;2884;0;3;;;0;2801
2884;信仰 尼夫尔海姆;伊米尔等级达到85;210301;204;85;400050;2885;0;3;;;0;2801
2885;信仰 尼夫尔海姆;伊米尔等级达到86;210301;204;86;400050;2886;0;3;;;0;2801
2886;信仰 尼夫尔海姆;伊米尔等级达到87;210301;204;87;400050;2887;0;3;;;0;2801
2887;信仰 尼夫尔海姆;伊米尔等级达到88;210301;204;88;400050;2888;0;3;;;0;2801
2888;信仰 尼夫尔海姆;伊米尔等级达到89;210301;204;89;400050;2889;0;3;;;0;2801
2889;信仰 尼夫尔海姆;伊米尔等级达到90;210301;204;90;400050;2890;0;3;;;0;2801
2890;信仰 尼夫尔海姆;伊米尔等级达到91;210301;204;91;400050;2891;0;3;;;0;2801
2891;信仰 尼夫尔海姆;伊米尔等级达到92;210301;204;92;400050;2892;0;3;;;0;2801
2892;信仰 尼夫尔海姆;伊米尔等级达到93;210301;204;93;400050;2893;0;3;;;0;2801
2893;信仰 尼夫尔海姆;伊米尔等级达到94;210301;204;94;400050;2894;0;3;;;0;2801
2894;信仰 尼夫尔海姆;伊米尔等级达到95;210301;204;95;400050;2895;0;3;;;0;2801
2895;信仰 尼夫尔海姆;伊米尔等级达到96;210301;204;96;400050;2896;0;3;;;0;2801
2896;信仰 尼夫尔海姆;伊米尔等级达到97;210301;204;97;400050;2897;0;3;;;0;2801
2897;信仰 尼夫尔海姆;伊米尔等级达到98;210301;204;98;400050;2898;0;3;;;0;2801
2898;信仰 尼夫尔海姆;伊米尔等级达到99;210301;204;99;400050;2899;0;3;;;0;2801
2899;信仰 尼夫尔海姆;伊米尔等级达到100;210301;204;100;400050;;0;3;;;0;2801
2901;基友;增加1个好友;207101;71;1;400100;2902;1;3;;;0;2901
2902;很多基友;增加5个好友;207101;71;5;400100;2903;0;3;;;0;2901
2903;茫茫多的基友;增加20个好友;207101;71;20;400200;;0;3;;;0;2901
3001;信仰 阿摩婆罗提;毗湿奴等级达到2;210501;205;2;400050;3002;1;3;;;0;3001
3002;信仰 阿摩婆罗提;毗湿奴等级达到3;210501;205;3;400050;3003;0;3;;;0;3001
3003;信仰 阿摩婆罗提;毗湿奴等级达到4;210501;205;4;400050;3004;0;3;;;0;3001
3004;信仰 阿摩婆罗提;毗湿奴等级达到5;210501;205;5;400050;3005;0;3;;;0;3001
3005;信仰 阿摩婆罗提;毗湿奴等级达到6;210501;205;6;400050;3006;0;3;;;0;3001
3006;信仰 阿摩婆罗提;毗湿奴等级达到7;210501;205;7;400050;3007;0;3;;;0;3001
3007;信仰 阿摩婆罗提;毗湿奴等级达到8;210501;205;8;400050;3008;0;3;;;0;3001
3008;信仰 阿摩婆罗提;毗湿奴等级达到9;210501;205;9;400050;3009;0;3;;;0;3001
3009;信仰 阿摩婆罗提;毗湿奴等级达到10;210501;205;10;400050;3010;0;3;;;0;3001
3010;信仰 阿摩婆罗提;毗湿奴等级达到11;210501;205;11;400050;3011;0;3;;;0;3001
3011;信仰 阿摩婆罗提;毗湿奴等级达到12;210501;205;12;400050;3012;0;3;;;0;3001
3012;信仰 阿摩婆罗提;毗湿奴等级达到13;210501;205;13;400050;3013;0;3;;;0;3001
3013;信仰 阿摩婆罗提;毗湿奴等级达到14;210501;205;14;400050;3014;0;3;;;0;3001
3014;信仰 阿摩婆罗提;毗湿奴等级达到15;210501;205;15;400050;3015;0;3;;;0;3001
3015;信仰 阿摩婆罗提;毗湿奴等级达到16;210501;205;16;400050;3016;0;3;;;0;3001
3016;信仰 阿摩婆罗提;毗湿奴等级达到17;210501;205;17;400050;3017;0;3;;;0;3001
3017;信仰 阿摩婆罗提;毗湿奴等级达到18;210501;205;18;400050;3018;0;3;;;0;3001
3018;信仰 阿摩婆罗提;毗湿奴等级达到19;210501;205;19;400050;3019;0;3;;;0;3001
3019;信仰 阿摩婆罗提;毗湿奴等级达到20;210501;205;20;400050;3020;0;3;;;0;3001
3020;信仰 阿摩婆罗提;毗湿奴等级达到21;210501;205;21;400050;3021;0;3;;;0;3001
3021;信仰 阿摩婆罗提;毗湿奴等级达到22;210501;205;22;400050;3022;0;3;;;0;3001
3022;信仰 阿摩婆罗提;毗湿奴等级达到23;210501;205;23;400050;3023;0;3;;;0;3001
3023;信仰 阿摩婆罗提;毗湿奴等级达到24;210501;205;24;400050;3024;0;3;;;0;3001
3024;信仰 阿摩婆罗提;毗湿奴等级达到25;210501;205;25;400050;3025;0;3;;;0;3001
3025;信仰 阿摩婆罗提;毗湿奴等级达到26;210501;205;26;400050;3026;0;3;;;0;3001
3026;信仰 阿摩婆罗提;毗湿奴等级达到27;210501;205;27;400050;3027;0;3;;;0;3001
3027;信仰 阿摩婆罗提;毗湿奴等级达到28;210501;205;28;400050;3028;0;3;;;0;3001
3028;信仰 阿摩婆罗提;毗湿奴等级达到29;210501;205;29;400050;3029;0;3;;;0;3001
3029;信仰 阿摩婆罗提;毗湿奴等级达到30;210501;205;30;400050;3030;0;3;;;0;3001
3030;信仰 阿摩婆罗提;毗湿奴等级达到31;210501;205;31;400050;3031;0;3;;;0;3001
3031;信仰 阿摩婆罗提;毗湿奴等级达到32;210501;205;32;400050;3032;0;3;;;0;3001
3032;信仰 阿摩婆罗提;毗湿奴等级达到33;210501;205;33;400050;3033;0;3;;;0;3001
3033;信仰 阿摩婆罗提;毗湿奴等级达到34;210501;205;34;400050;3034;0;3;;;0;3001
3034;信仰 阿摩婆罗提;毗湿奴等级达到35;210501;205;35;400050;3035;0;3;;;0;3001
3035;信仰 阿摩婆罗提;毗湿奴等级达到36;210501;205;36;400050;3036;0;3;;;0;3001
3036;信仰 阿摩婆罗提;毗湿奴等级达到37;210501;205;37;400050;3037;0;3;;;0;3001
3037;信仰 阿摩婆罗提;毗湿奴等级达到38;210501;205;38;400050;3038;0;3;;;0;3001
3038;信仰 阿摩婆罗提;毗湿奴等级达到39;210501;205;39;400050;3039;0;3;;;0;3001
3039;信仰 阿摩婆罗提;毗湿奴等级达到40;210501;205;40;400050;3040;0;3;;;0;3001
3040;信仰 阿摩婆罗提;毗湿奴等级达到41;210501;205;41;400050;3041;0;3;;;0;3001
3041;信仰 阿摩婆罗提;毗湿奴等级达到42;210501;205;42;400050;3042;0;3;;;0;3001
3042;信仰 阿摩婆罗提;毗湿奴等级达到43;210501;205;43;400050;3043;0;3;;;0;3001
3043;信仰 阿摩婆罗提;毗湿奴等级达到44;210501;205;44;400050;3044;0;3;;;0;3001
3044;信仰 阿摩婆罗提;毗湿奴等级达到45;210501;205;45;400050;3045;0;3;;;0;3001
3045;信仰 阿摩婆罗提;毗湿奴等级达到46;210501;205;46;400050;3046;0;3;;;0;3001
3046;信仰 阿摩婆罗提;毗湿奴等级达到47;210501;205;47;400050;3047;0;3;;;0;3001
3047;信仰 阿摩婆罗提;毗湿奴等级达到48;210501;205;48;400050;3048;0;3;;;0;3001
3048;信仰 阿摩婆罗提;毗湿奴等级达到49;210501;205;49;400050;3049;0;3;;;0;3001
3049;信仰 阿摩婆罗提;毗湿奴等级达到50;210501;205;50;400050;3050;0;3;;;0;3001
3050;信仰 阿摩婆罗提;毗湿奴等级达到51;210501;205;51;400050;3051;0;3;;;0;3001
3051;信仰 阿摩婆罗提;毗湿奴等级达到52;210501;205;52;400050;3052;0;3;;;0;3001
3052;信仰 阿摩婆罗提;毗湿奴等级达到53;210501;205;53;400050;3053;0;3;;;0;3001
3053;信仰 阿摩婆罗提;毗湿奴等级达到54;210501;205;54;400050;3054;0;3;;;0;3001
3054;信仰 阿摩婆罗提;毗湿奴等级达到55;210501;205;55;400050;3055;0;3;;;0;3001
3055;信仰 阿摩婆罗提;毗湿奴等级达到56;210501;205;56;400050;3056;0;3;;;0;3001
3056;信仰 阿摩婆罗提;毗湿奴等级达到57;210501;205;57;400050;3057;0;3;;;0;3001
3057;信仰 阿摩婆罗提;毗湿奴等级达到58;210501;205;58;400050;3058;0;3;;;0;3001
3058;信仰 阿摩婆罗提;毗湿奴等级达到59;210501;205;59;400050;3059;0;3;;;0;3001
3059;信仰 阿摩婆罗提;毗湿奴等级达到60;210501;205;60;400050;3060;0;3;;;0;3001
3060;信仰 阿摩婆罗提;毗湿奴等级达到61;210501;205;61;400050;3061;0;3;;;0;3001
3061;信仰 阿摩婆罗提;毗湿奴等级达到62;210501;205;62;400050;3062;0;3;;;0;3001
3062;信仰 阿摩婆罗提;毗湿奴等级达到63;210501;205;63;400050;3063;0;3;;;0;3001
3063;信仰 阿摩婆罗提;毗湿奴等级达到64;210501;205;64;400050;3064;0;3;;;0;3001
3064;信仰 阿摩婆罗提;毗湿奴等级达到65;210501;205;65;400050;3065;0;3;;;0;3001
3065;信仰 阿摩婆罗提;毗湿奴等级达到66;210501;205;66;400050;3066;0;3;;;0;3001
3066;信仰 阿摩婆罗提;毗湿奴等级达到67;210501;205;67;400050;3067;0;3;;;0;3001
3067;信仰 阿摩婆罗提;毗湿奴等级达到68;210501;205;68;400050;3068;0;3;;;0;3001
3068;信仰 阿摩婆罗提;毗湿奴等级达到69;210501;205;69;400050;3069;0;3;;;0;3001
3069;信仰 阿摩婆罗提;毗湿奴等级达到70;210501;205;70;400050;3070;0;3;;;0;3001
3070;信仰 阿摩婆罗提;毗湿奴等级达到71;210501;205;71;400050;3071;0;3;;;0;3001
3071;信仰 阿摩婆罗提;毗湿奴等级达到72;210501;205;72;400050;3072;0;3;;;0;3001
3072;信仰 阿摩婆罗提;毗湿奴等级达到73;210501;205;73;400050;3073;0;3;;;0;3001
3073;信仰 阿摩婆罗提;毗湿奴等级达到74;210501;205;74;400050;3074;0;3;;;0;3001
3074;信仰 阿摩婆罗提;毗湿奴等级达到75;210501;205;75;400050;3075;0;3;;;0;3001
3075;信仰 阿摩婆罗提;毗湿奴等级达到76;210501;205;76;400050;3076;0;3;;;0;3001
3076;信仰 阿摩婆罗提;毗湿奴等级达到77;210501;205;77;400050;3077;0;3;;;0;3001
3077;信仰 阿摩婆罗提;毗湿奴等级达到78;210501;205;78;400050;3078;0;3;;;0;3001
3078;信仰 阿摩婆罗提;毗湿奴等级达到79;210501;205;79;400050;3079;0;3;;;0;3001
3079;信仰 阿摩婆罗提;毗湿奴等级达到80;210501;205;80;400050;3080;0;3;;;0;3001
3080;信仰 阿摩婆罗提;毗湿奴等级达到81;210501;205;81;400050;3081;0;3;;;0;3001
3081;信仰 阿摩婆罗提;毗湿奴等级达到82;210501;205;82;400050;3082;0;3;;;0;3001
3082;信仰 阿摩婆罗提;毗湿奴等级达到83;210501;205;83;400050;3083;0;3;;;0;3001
3083;信仰 阿摩婆罗提;毗湿奴等级达到84;210501;205;84;400050;3084;0;3;;;0;3001
3084;信仰 阿摩婆罗提;毗湿奴等级达到85;210501;205;85;400050;3085;0;3;;;0;3001
3085;信仰 阿摩婆罗提;毗湿奴等级达到86;210501;205;86;400050;3086;0;3;;;0;3001
3086;信仰 阿摩婆罗提;毗湿奴等级达到87;210501;205;87;400050;3087;0;3;;;0;3001
3087;信仰 阿摩婆罗提;毗湿奴等级达到88;210501;205;88;400050;3088;0;3;;;0;3001
3088;信仰 阿摩婆罗提;毗湿奴等级达到89;210501;205;89;400050;3089;0;3;;;0;3001
3089;信仰 阿摩婆罗提;毗湿奴等级达到90;210501;205;90;400050;3090;0;3;;;0;3001
3090;信仰 阿摩婆罗提;毗湿奴等级达到91;210501;205;91;400050;3091;0;3;;;0;3001
3091;信仰 阿摩婆罗提;毗湿奴等级达到92;210501;205;92;400050;3092;0;3;;;0;3001
3092;信仰 阿摩婆罗提;毗湿奴等级达到93;210501;205;93;400050;3093;0;3;;;0;3001
3093;信仰 阿摩婆罗提;毗湿奴等级达到94;210501;205;94;400050;3094;0;3;;;0;3001
3094;信仰 阿摩婆罗提;毗湿奴等级达到95;210501;205;95;400050;3095;0;3;;;0;3001
3095;信仰 阿摩婆罗提;毗湿奴等级达到96;210501;205;96;400050;3096;0;3;;;0;3001
3096;信仰 阿摩婆罗提;毗湿奴等级达到97;210501;205;97;400050;3097;0;3;;;0;3001
3097;信仰 阿摩婆罗提;毗湿奴等级达到98;210501;205;98;400050;3098;0;3;;;0;3001
3098;信仰 阿摩婆罗提;毗湿奴等级达到99;210501;205;99;400050;3099;0;3;;;0;3001
3099;信仰 阿摩婆罗提;毗湿奴等级达到100;210501;205;100;400050;;0;3;;;0;3001
3101;信仰 赫里奥波里斯;拉等级达到2;210601;206;2;400050;3102;1;3;;;0;3101
3102;信仰 赫里奥波里斯;拉等级达到3;210601;206;3;400050;3103;0;3;;;0;3101
3103;信仰 赫里奥波里斯;拉等级达到4;210601;206;4;400050;3104;0;3;;;0;3101
3104;信仰 赫里奥波里斯;拉等级达到5;210601;206;5;400050;3105;0;3;;;0;3101
3105;信仰 赫里奥波里斯;拉等级达到6;210601;206;6;400050;3106;0;3;;;0;3101
3106;信仰 赫里奥波里斯;拉等级达到7;210601;206;7;400050;3107;0;3;;;0;3101
3107;信仰 赫里奥波里斯;拉等级达到8;210601;206;8;400050;3108;0;3;;;0;3101
3108;信仰 赫里奥波里斯;拉等级达到9;210601;206;9;400050;3109;0;3;;;0;3101
3109;信仰 赫里奥波里斯;拉等级达到10;210601;206;10;400050;3110;0;3;;;0;3101
3110;信仰 赫里奥波里斯;拉等级达到11;210601;206;11;400050;3111;0;3;;;0;3101
3111;信仰 赫里奥波里斯;拉等级达到12;210601;206;12;400050;3112;0;3;;;0;3101
3112;信仰 赫里奥波里斯;拉等级达到13;210601;206;13;400050;3113;0;3;;;0;3101
3113;信仰 赫里奥波里斯;拉等级达到14;210601;206;14;400050;3114;0;3;;;0;3101
3114;信仰 赫里奥波里斯;拉等级达到15;210601;206;15;400050;3115;0;3;;;0;3101
3115;信仰 赫里奥波里斯;拉等级达到16;210601;206;16;400050;3116;0;3;;;0;3101
3116;信仰 赫里奥波里斯;拉等级达到17;210601;206;17;400050;3117;0;3;;;0;3101
3117;信仰 赫里奥波里斯;拉等级达到18;210601;206;18;400050;3118;0;3;;;0;3101
3118;信仰 赫里奥波里斯;拉等级达到19;210601;206;19;400050;3119;0;3;;;0;3101
3119;信仰 赫里奥波里斯;拉等级达到20;210601;206;20;400050;3120;0;3;;;0;3101
3120;信仰 赫里奥波里斯;拉等级达到21;210601;206;21;400050;3121;0;3;;;0;3101
3121;信仰 赫里奥波里斯;拉等级达到22;210601;206;22;400050;3122;0;3;;;0;3101
3122;信仰 赫里奥波里斯;拉等级达到23;210601;206;23;400050;3123;0;3;;;0;3101
3123;信仰 赫里奥波里斯;拉等级达到24;210601;206;24;400050;3124;0;3;;;0;3101
3124;信仰 赫里奥波里斯;拉等级达到25;210601;206;25;400050;3125;0;3;;;0;3101
3125;信仰 赫里奥波里斯;拉等级达到26;210601;206;26;400050;3126;0;3;;;0;3101
3126;信仰 赫里奥波里斯;拉等级达到27;210601;206;27;400050;3127;0;3;;;0;3101
3127;信仰 赫里奥波里斯;拉等级达到28;210601;206;28;400050;3128;0;3;;;0;3101
3128;信仰 赫里奥波里斯;拉等级达到29;210601;206;29;400050;3129;0;3;;;0;3101
3129;信仰 赫里奥波里斯;拉等级达到30;210601;206;30;400050;3130;0;3;;;0;3101
3130;信仰 赫里奥波里斯;拉等级达到31;210601;206;31;400050;3131;0;3;;;0;3101
3131;信仰 赫里奥波里斯;拉等级达到32;210601;206;32;400050;3132;0;3;;;0;3101
3132;信仰 赫里奥波里斯;拉等级达到33;210601;206;33;400050;3133;0;3;;;0;3101
3133;信仰 赫里奥波里斯;拉等级达到34;210601;206;34;400050;3134;0;3;;;0;3101
3134;信仰 赫里奥波里斯;拉等级达到35;210601;206;35;400050;3135;0;3;;;0;3101
3135;信仰 赫里奥波里斯;拉等级达到36;210601;206;36;400050;3136;0;3;;;0;3101
3136;信仰 赫里奥波里斯;拉等级达到37;210601;206;37;400050;3137;0;3;;;0;3101
3137;信仰 赫里奥波里斯;拉等级达到38;210601;206;38;400050;3138;0;3;;;0;3101
3138;信仰 赫里奥波里斯;拉等级达到39;210601;206;39;400050;3139;0;3;;;0;3101
3139;信仰 赫里奥波里斯;拉等级达到40;210601;206;40;400050;3140;0;3;;;0;3101
3140;信仰 赫里奥波里斯;拉等级达到41;210601;206;41;400050;3141;0;3;;;0;3101
3141;信仰 赫里奥波里斯;拉等级达到42;210601;206;42;400050;3142;0;3;;;0;3101
3142;信仰 赫里奥波里斯;拉等级达到43;210601;206;43;400050;3143;0;3;;;0;3101
3143;信仰 赫里奥波里斯;拉等级达到44;210601;206;44;400050;3144;0;3;;;0;3101
3144;信仰 赫里奥波里斯;拉等级达到45;210601;206;45;400050;3145;0;3;;;0;3101
3145;信仰 赫里奥波里斯;拉等级达到46;210601;206;46;400050;3146;0;3;;;0;3101
3146;信仰 赫里奥波里斯;拉等级达到47;210601;206;47;400050;3147;0;3;;;0;3101
3147;信仰 赫里奥波里斯;拉等级达到48;210601;206;48;400050;3148;0;3;;;0;3101
3148;信仰 赫里奥波里斯;拉等级达到49;210601;206;49;400050;3149;0;3;;;0;3101
3149;信仰 赫里奥波里斯;拉等级达到50;210601;206;50;400050;3150;0;3;;;0;3101
3150;信仰 赫里奥波里斯;拉等级达到51;210601;206;51;400050;3151;0;3;;;0;3101
3151;信仰 赫里奥波里斯;拉等级达到52;210601;206;52;400050;3152;0;3;;;0;3101
3152;信仰 赫里奥波里斯;拉等级达到53;210601;206;53;400050;3153;0;3;;;0;3101
3153;信仰 赫里奥波里斯;拉等级达到54;210601;206;54;400050;3154;0;3;;;0;3101
3154;信仰 赫里奥波里斯;拉等级达到55;210601;206;55;400050;3155;0;3;;;0;3101
3155;信仰 赫里奥波里斯;拉等级达到56;210601;206;56;400050;3156;0;3;;;0;3101
3156;信仰 赫里奥波里斯;拉等级达到57;210601;206;57;400050;3157;0;3;;;0;3101
3157;信仰 赫里奥波里斯;拉等级达到58;210601;206;58;400050;3158;0;3;;;0;3101
3158;信仰 赫里奥波里斯;拉等级达到59;210601;206;59;400050;3159;0;3;;;0;3101
3159;信仰 赫里奥波里斯;拉等级达到60;210601;206;60;400050;3160;0;3;;;0;3101
3160;信仰 赫里奥波里斯;拉等级达到61;210601;206;61;400050;3161;0;3;;;0;3101
3161;信仰 赫里奥波里斯;拉等级达到62;210601;206;62;400050;3162;0;3;;;0;3101
3162;信仰 赫里奥波里斯;拉等级达到63;210601;206;63;400050;3163;0;3;;;0;3101
3163;信仰 赫里奥波里斯;拉等级达到64;210601;206;64;400050;3164;0;3;;;0;3101
3164;信仰 赫里奥波里斯;拉等级达到65;210601;206;65;400050;3165;0;3;;;0;3101
3165;信仰 赫里奥波里斯;拉等级达到66;210601;206;66;400050;3166;0;3;;;0;3101
3166;信仰 赫里奥波里斯;拉等级达到67;210601;206;67;400050;3167;0;3;;;0;3101
3167;信仰 赫里奥波里斯;拉等级达到68;210601;206;68;400050;3168;0;3;;;0;3101
3168;信仰 赫里奥波里斯;拉等级达到69;210601;206;69;400050;3169;0;3;;;0;3101
3169;信仰 赫里奥波里斯;拉等级达到70;210601;206;70;400050;3170;0;3;;;0;3101
3170;信仰 赫里奥波里斯;拉等级达到71;210601;206;71;400050;3171;0;3;;;0;3101
3171;信仰 赫里奥波里斯;拉等级达到72;210601;206;72;400050;3172;0;3;;;0;3101
3172;信仰 赫里奥波里斯;拉等级达到73;210601;206;73;400050;3173;0;3;;;0;3101
3173;信仰 赫里奥波里斯;拉等级达到74;210601;206;74;400050;3174;0;3;;;0;3101
3174;信仰 赫里奥波里斯;拉等级达到75;210601;206;75;400050;3175;0;3;;;0;3101
3175;信仰 赫里奥波里斯;拉等级达到76;210601;206;76;400050;3176;0;3;;;0;3101
3176;信仰 赫里奥波里斯;拉等级达到77;210601;206;77;400050;3177;0;3;;;0;3101
3177;信仰 赫里奥波里斯;拉等级达到78;210601;206;78;400050;3178;0;3;;;0;3101
3178;信仰 赫里奥波里斯;拉等级达到79;210601;206;79;400050;3179;0;3;;;0;3101
3179;信仰 赫里奥波里斯;拉等级达到80;210601;206;80;400050;3180;0;3;;;0;3101
3180;信仰 赫里奥波里斯;拉等级达到81;210601;206;81;400050;3181;0;3;;;0;3101
3181;信仰 赫里奥波里斯;拉等级达到82;210601;206;82;400050;3182;0;3;;;0;3101
3182;信仰 赫里奥波里斯;拉等级达到83;210601;206;83;400050;3183;0;3;;;0;3101
3183;信仰 赫里奥波里斯;拉等级达到84;210601;206;84;400050;3184;0;3;;;0;3101
3184;信仰 赫里奥波里斯;拉等级达到85;210601;206;85;400050;3185;0;3;;;0;3101
3185;信仰 赫里奥波里斯;拉等级达到86;210601;206;86;400050;3186;0;3;;;0;3101
3186;信仰 赫里奥波里斯;拉等级达到87;210601;206;87;400050;3187;0;3;;;0;3101
3187;信仰 赫里奥波里斯;拉等级达到88;210601;206;88;400050;3188;0;3;;;0;3101
3188;信仰 赫里奥波里斯;拉等级达到89;210601;206;89;400050;3189;0;3;;;0;3101
3189;信仰 赫里奥波里斯;拉等级达到90;210601;206;90;400050;3190;0;3;;;0;3101
3190;信仰 赫里奥波里斯;拉等级达到91;210601;206;91;400050;3191;0;3;;;0;3101
3191;信仰 赫里奥波里斯;拉等级达到92;210601;206;92;400050;3192;0;3;;;0;3101
3192;信仰 赫里奥波里斯;拉等级达到93;210601;206;93;400050;3193;0;3;;;0;3101
3193;信仰 赫里奥波里斯;拉等级达到94;210601;206;94;400050;3194;0;3;;;0;3101
3194;信仰 赫里奥波里斯;拉等级达到95;210601;206;95;400050;3195;0;3;;;0;3101
3195;信仰 赫里奥波里斯;拉等级达到96;210601;206;96;400050;3196;0;3;;;0;3101
3196;信仰 赫里奥波里斯;拉等级达到97;210601;206;97;400050;3197;0;3;;;0;3101
3197;信仰 赫里奥波里斯;拉等级达到98;210601;206;98;400050;3198;0;3;;;0;3101
3198;信仰 赫里奥波里斯;拉等级达到99;210601;206;99;400050;3199;0;3;;;0;3101
3199;信仰 赫里奥波里斯;拉等级达到100;210601;206;100;400050;;0;3;;;0;3101
3201;信仰 奥林匹斯;宙斯等级达到2;210602;207;2;400050;3202;1;3;;;0;3201
3202;信仰 奥林匹斯;宙斯等级达到3;210602;207;3;400050;3203;0;3;;;0;3201
3203;信仰 奥林匹斯;宙斯等级达到4;210602;207;4;400050;3204;0;3;;;0;3201
3204;信仰 奥林匹斯;宙斯等级达到5;210602;207;5;400050;3205;0;3;;;0;3201
3205;信仰 奥林匹斯;宙斯等级达到6;210602;207;6;400050;3206;0;3;;;0;3201
3206;信仰 奥林匹斯;宙斯等级达到7;210602;207;7;400050;3207;0;3;;;0;3201
3207;信仰 奥林匹斯;宙斯等级达到8;210602;207;8;400050;3208;0;3;;;0;3201
3208;信仰 奥林匹斯;宙斯等级达到9;210602;207;9;400050;3209;0;3;;;0;3201
3209;信仰 奥林匹斯;宙斯等级达到10;210602;207;10;400050;3210;0;3;;;0;3201
3210;信仰 奥林匹斯;宙斯等级达到11;210602;207;11;400050;3211;0;3;;;0;3201
3211;信仰 奥林匹斯;宙斯等级达到12;210602;207;12;400050;3212;0;3;;;0;3201
3212;信仰 奥林匹斯;宙斯等级达到13;210602;207;13;400050;3213;0;3;;;0;3201
3213;信仰 奥林匹斯;宙斯等级达到14;210602;207;14;400050;3214;0;3;;;0;3201
3214;信仰 奥林匹斯;宙斯等级达到15;210602;207;15;400050;3215;0;3;;;0;3201
3215;信仰 奥林匹斯;宙斯等级达到16;210602;207;16;400050;3216;0;3;;;0;3201
3216;信仰 奥林匹斯;宙斯等级达到17;210602;207;17;400050;3217;0;3;;;0;3201
3217;信仰 奥林匹斯;宙斯等级达到18;210602;207;18;400050;3218;0;3;;;0;3201
3218;信仰 奥林匹斯;宙斯等级达到19;210602;207;19;400050;3219;0;3;;;0;3201
3219;信仰 奥林匹斯;宙斯等级达到20;210602;207;20;400050;3220;0;3;;;0;3201
3220;信仰 奥林匹斯;宙斯等级达到21;210602;207;21;400050;3221;0;3;;;0;3201
3221;信仰 奥林匹斯;宙斯等级达到22;210602;207;22;400050;3222;0;3;;;0;3201
3222;信仰 奥林匹斯;宙斯等级达到23;210602;207;23;400050;3223;0;3;;;0;3201
3223;信仰 奥林匹斯;宙斯等级达到24;210602;207;24;400050;3224;0;3;;;0;3201
3224;信仰 奥林匹斯;宙斯等级达到25;210602;207;25;400050;3225;0;3;;;0;3201
3225;信仰 奥林匹斯;宙斯等级达到26;210602;207;26;400050;3226;0;3;;;0;3201
3226;信仰 奥林匹斯;宙斯等级达到27;210602;207;27;400050;3227;0;3;;;0;3201
3227;信仰 奥林匹斯;宙斯等级达到28;210602;207;28;400050;3228;0;3;;;0;3201
3228;信仰 奥林匹斯;宙斯等级达到29;210602;207;29;400050;3229;0;3;;;0;3201
3229;信仰 奥林匹斯;宙斯等级达到30;210602;207;30;400050;3230;0;3;;;0;3201
3230;信仰 奥林匹斯;宙斯等级达到31;210602;207;31;400050;3231;0;3;;;0;3201
3231;信仰 奥林匹斯;宙斯等级达到32;210602;207;32;400050;3232;0;3;;;0;3201
3232;信仰 奥林匹斯;宙斯等级达到33;210602;207;33;400050;3233;0;3;;;0;3201
3233;信仰 奥林匹斯;宙斯等级达到34;210602;207;34;400050;3234;0;3;;;0;3201
3234;信仰 奥林匹斯;宙斯等级达到35;210602;207;35;400050;3235;0;3;;;0;3201
3235;信仰 奥林匹斯;宙斯等级达到36;210602;207;36;400050;3236;0;3;;;0;3201
3236;信仰 奥林匹斯;宙斯等级达到37;210602;207;37;400050;3237;0;3;;;0;3201
3237;信仰 奥林匹斯;宙斯等级达到38;210602;207;38;400050;3238;0;3;;;0;3201
3238;信仰 奥林匹斯;宙斯等级达到39;210602;207;39;400050;3239;0;3;;;0;3201
3239;信仰 奥林匹斯;宙斯等级达到40;210602;207;40;400050;3240;0;3;;;0;3201
3240;信仰 奥林匹斯;宙斯等级达到41;210602;207;41;400050;3241;0;3;;;0;3201
3241;信仰 奥林匹斯;宙斯等级达到42;210602;207;42;400050;3242;0;3;;;0;3201
3242;信仰 奥林匹斯;宙斯等级达到43;210602;207;43;400050;3243;0;3;;;0;3201
3243;信仰 奥林匹斯;宙斯等级达到44;210602;207;44;400050;3244;0;3;;;0;3201
3244;信仰 奥林匹斯;宙斯等级达到45;210602;207;45;400050;3245;0;3;;;0;3201
3245;信仰 奥林匹斯;宙斯等级达到46;210602;207;46;400050;3246;0;3;;;0;3201
3246;信仰 奥林匹斯;宙斯等级达到47;210602;207;47;400050;3247;0;3;;;0;3201
3247;信仰 奥林匹斯;宙斯等级达到48;210602;207;48;400050;3248;0;3;;;0;3201
3248;信仰 奥林匹斯;宙斯等级达到49;210602;207;49;400050;3249;0;3;;;0;3201
3249;信仰 奥林匹斯;宙斯等级达到50;210602;207;50;400050;3250;0;3;;;0;3201
3250;信仰 奥林匹斯;宙斯等级达到51;210602;207;51;400050;3251;0;3;;;0;3201
3251;信仰 奥林匹斯;宙斯等级达到52;210602;207;52;400050;3252;0;3;;;0;3201
3252;信仰 奥林匹斯;宙斯等级达到53;210602;207;53;400050;3253;0;3;;;0;3201
3253;信仰 奥林匹斯;宙斯等级达到54;210602;207;54;400050;3254;0;3;;;0;3201
3254;信仰 奥林匹斯;宙斯等级达到55;210602;207;55;400050;3255;0;3;;;0;3201
3255;信仰 奥林匹斯;宙斯等级达到56;210602;207;56;400050;3256;0;3;;;0;3201
3256;信仰 奥林匹斯;宙斯等级达到57;210602;207;57;400050;3257;0;3;;;0;3201
3257;信仰 奥林匹斯;宙斯等级达到58;210602;207;58;400050;3258;0;3;;;0;3201
3258;信仰 奥林匹斯;宙斯等级达到59;210602;207;59;400050;3259;0;3;;;0;3201
3259;信仰 奥林匹斯;宙斯等级达到60;210602;207;60;400050;3260;0;3;;;0;3201
3260;信仰 奥林匹斯;宙斯等级达到61;210602;207;61;400050;3261;0;3;;;0;3201
3261;信仰 奥林匹斯;宙斯等级达到62;210602;207;62;400050;3262;0;3;;;0;3201
3262;信仰 奥林匹斯;宙斯等级达到63;210602;207;63;400050;3263;0;3;;;0;3201
3263;信仰 奥林匹斯;宙斯等级达到64;210602;207;64;400050;3264;0;3;;;0;3201
3264;信仰 奥林匹斯;宙斯等级达到65;210602;207;65;400050;3265;0;3;;;0;3201
3265;信仰 奥林匹斯;宙斯等级达到66;210602;207;66;400050;3266;0;3;;;0;3201
3266;信仰 奥林匹斯;宙斯等级达到67;210602;207;67;400050;3267;0;3;;;0;3201
3267;信仰 奥林匹斯;宙斯等级达到68;210602;207;68;400050;3268;0;3;;;0;3201
3268;信仰 奥林匹斯;宙斯等级达到69;210602;207;69;400050;3269;0;3;;;0;3201
3269;信仰 奥林匹斯;宙斯等级达到70;210602;207;70;400050;3270;0;3;;;0;3201
3270;信仰 奥林匹斯;宙斯等级达到71;210602;207;71;400050;3271;0;3;;;0;3201
3271;信仰 奥林匹斯;宙斯等级达到72;210602;207;72;400050;3272;0;3;;;0;3201
3272;信仰 奥林匹斯;宙斯等级达到73;210602;207;73;400050;3273;0;3;;;0;3201
3273;信仰 奥林匹斯;宙斯等级达到74;210602;207;74;400050;3274;0;3;;;0;3201
3274;信仰 奥林匹斯;宙斯等级达到75;210602;207;75;400050;3275;0;3;;;0;3201
3275;信仰 奥林匹斯;宙斯等级达到76;210602;207;76;400050;3276;0;3;;;0;3201
3276;信仰 奥林匹斯;宙斯等级达到77;210602;207;77;400050;3277;0;3;;;0;3201
3277;信仰 奥林匹斯;宙斯等级达到78;210602;207;78;400050;3278;0;3;;;0;3201
3278;信仰 奥林匹斯;宙斯等级达到79;210602;207;79;400050;3279;0;3;;;0;3201
3279;信仰 奥林匹斯;宙斯等级达到80;210602;207;80;400050;3280;0;3;;;0;3201
3280;信仰 奥林匹斯;宙斯等级达到81;210602;207;81;400050;3281;0;3;;;0;3201
3281;信仰 奥林匹斯;宙斯等级达到82;210602;207;82;400050;3282;0;3;;;0;3201
3282;信仰 奥林匹斯;宙斯等级达到83;210602;207;83;400050;3283;0;3;;;0;3201
3283;信仰 奥林匹斯;宙斯等级达到84;210602;207;84;400050;3284;0;3;;;0;3201
3284;信仰 奥林匹斯;宙斯等级达到85;210602;207;85;400050;3285;0;3;;;0;3201
3285;信仰 奥林匹斯;宙斯等级达到86;210602;207;86;400050;3286;0;3;;;0;3201
3286;信仰 奥林匹斯;宙斯等级达到87;210602;207;87;400050;3287;0;3;;;0;3201
3287;信仰 奥林匹斯;宙斯等级达到88;210602;207;88;400050;3288;0;3;;;0;3201
3288;信仰 奥林匹斯;宙斯等级达到89;210602;207;89;400050;3289;0;3;;;0;3201
3289;信仰 奥林匹斯;宙斯等级达到90;210602;207;90;400050;3290;0;3;;;0;3201
3290;信仰 奥林匹斯;宙斯等级达到91;210602;207;91;400050;3291;0;3;;;0;3201
3291;信仰 奥林匹斯;宙斯等级达到92;210602;207;92;400050;3292;0;3;;;0;3201
3292;信仰 奥林匹斯;宙斯等级达到93;210602;207;93;400050;3293;0;3;;;0;3201
3293;信仰 奥林匹斯;宙斯等级达到94;210602;207;94;400050;3294;0;3;;;0;3201
3294;信仰 奥林匹斯;宙斯等级达到95;210602;207;95;400050;3295;0;3;;;0;3201
3295;信仰 奥林匹斯;宙斯等级达到96;210602;207;96;400050;3296;0;3;;;0;3201
3296;信仰 奥林匹斯;宙斯等级达到97;210602;207;97;400050;3297;0;3;;;0;3201
3297;信仰 奥林匹斯;宙斯等级达到98;210602;207;98;400050;3298;0;3;;;0;3201
3298;信仰 奥林匹斯;宙斯等级达到99;210602;207;99;400050;3299;0;3;;;0;3201
3299;信仰 奥林匹斯;宙斯等级达到100;210602;207;100;400050;;0;3;;;0;3201
3301;信仰 玉清殿;元始天尊等级达到2;210603;208;2;400050;3302;1;3;;;0;3301
3302;信仰 玉清殿;元始天尊等级达到3;210603;208;3;400050;3303;0;3;;;0;3301
3303;信仰 玉清殿;元始天尊等级达到4;210603;208;4;400050;3304;0;3;;;0;3301
3304;信仰 玉清殿;元始天尊等级达到5;210603;208;5;400050;3305;0;3;;;0;3301
3305;信仰 玉清殿;元始天尊等级达到6;210603;208;6;400050;3306;0;3;;;0;3301
3306;信仰 玉清殿;元始天尊等级达到7;210603;208;7;400050;3307;0;3;;;0;3301
3307;信仰 玉清殿;元始天尊等级达到8;210603;208;8;400050;3308;0;3;;;0;3301
3308;信仰 玉清殿;元始天尊等级达到9;210603;208;9;400050;3309;0;3;;;0;3301
3309;信仰 玉清殿;元始天尊等级达到10;210603;208;10;400050;3310;0;3;;;0;3301
3310;信仰 玉清殿;元始天尊等级达到11;210603;208;11;400050;3311;0;3;;;0;3301
3311;信仰 玉清殿;元始天尊等级达到12;210603;208;12;400050;3312;0;3;;;0;3301
3312;信仰 玉清殿;元始天尊等级达到13;210603;208;13;400050;3313;0;3;;;0;3301
3313;信仰 玉清殿;元始天尊等级达到14;210603;208;14;400050;3314;0;3;;;0;3301
3314;信仰 玉清殿;元始天尊等级达到15;210603;208;15;400050;3315;0;3;;;0;3301
3315;信仰 玉清殿;元始天尊等级达到16;210603;208;16;400050;3316;0;3;;;0;3301
3316;信仰 玉清殿;元始天尊等级达到17;210603;208;17;400050;3317;0;3;;;0;3301
3317;信仰 玉清殿;元始天尊等级达到18;210603;208;18;400050;3318;0;3;;;0;3301
3318;信仰 玉清殿;元始天尊等级达到19;210603;208;19;400050;3319;0;3;;;0;3301
3319;信仰 玉清殿;元始天尊等级达到20;210603;208;20;400050;3320;0;3;;;0;3301
3320;信仰 玉清殿;元始天尊等级达到21;210603;208;21;400050;3321;0;3;;;0;3301
3321;信仰 玉清殿;元始天尊等级达到22;210603;208;22;400050;3322;0;3;;;0;3301
3322;信仰 玉清殿;元始天尊等级达到23;210603;208;23;400050;3323;0;3;;;0;3301
3323;信仰 玉清殿;元始天尊等级达到24;210603;208;24;400050;3324;0;3;;;0;3301
3324;信仰 玉清殿;元始天尊等级达到25;210603;208;25;400050;3325;0;3;;;0;3301
3325;信仰 玉清殿;元始天尊等级达到26;210603;208;26;400050;3326;0;3;;;0;3301
3326;信仰 玉清殿;元始天尊等级达到27;210603;208;27;400050;3327;0;3;;;0;3301
3327;信仰 玉清殿;元始天尊等级达到28;210603;208;28;400050;3328;0;3;;;0;3301
3328;信仰 玉清殿;元始天尊等级达到29;210603;208;29;400050;3329;0;3;;;0;3301
3329;信仰 玉清殿;元始天尊等级达到30;210603;208;30;400050;3330;0;3;;;0;3301
3330;信仰 玉清殿;元始天尊等级达到31;210603;208;31;400050;3331;0;3;;;0;3301
3331;信仰 玉清殿;元始天尊等级达到32;210603;208;32;400050;3332;0;3;;;0;3301
3332;信仰 玉清殿;元始天尊等级达到33;210603;208;33;400050;3333;0;3;;;0;3301
3333;信仰 玉清殿;元始天尊等级达到34;210603;208;34;400050;3334;0;3;;;0;3301
3334;信仰 玉清殿;元始天尊等级达到35;210603;208;35;400050;3335;0;3;;;0;3301
3335;信仰 玉清殿;元始天尊等级达到36;210603;208;36;400050;3336;0;3;;;0;3301
3336;信仰 玉清殿;元始天尊等级达到37;210603;208;37;400050;3337;0;3;;;0;3301
3337;信仰 玉清殿;元始天尊等级达到38;210603;208;38;400050;3338;0;3;;;0;3301
3338;信仰 玉清殿;元始天尊等级达到39;210603;208;39;400050;3339;0;3;;;0;3301
3339;信仰 玉清殿;元始天尊等级达到40;210603;208;40;400050;3340;0;3;;;0;3301
3340;信仰 玉清殿;元始天尊等级达到41;210603;208;41;400050;3341;0;3;;;0;3301
3341;信仰 玉清殿;元始天尊等级达到42;210603;208;42;400050;3342;0;3;;;0;3301
3342;信仰 玉清殿;元始天尊等级达到43;210603;208;43;400050;3343;0;3;;;0;3301
3343;信仰 玉清殿;元始天尊等级达到44;210603;208;44;400050;3344;0;3;;;0;3301
3344;信仰 玉清殿;元始天尊等级达到45;210603;208;45;400050;3345;0;3;;;0;3301
3345;信仰 玉清殿;元始天尊等级达到46;210603;208;46;400050;3346;0;3;;;0;3301
3346;信仰 玉清殿;元始天尊等级达到47;210603;208;47;400050;3347;0;3;;;0;3301
3347;信仰 玉清殿;元始天尊等级达到48;210603;208;48;400050;3348;0;3;;;0;3301
3348;信仰 玉清殿;元始天尊等级达到49;210603;208;49;400050;3349;0;3;;;0;3301
3349;信仰 玉清殿;元始天尊等级达到50;210603;208;50;400050;3350;0;3;;;0;3301
3350;信仰 玉清殿;元始天尊等级达到51;210603;208;51;400050;3351;0;3;;;0;3301
3351;信仰 玉清殿;元始天尊等级达到52;210603;208;52;400050;3352;0;3;;;0;3301
3352;信仰 玉清殿;元始天尊等级达到53;210603;208;53;400050;3353;0;3;;;0;3301
3353;信仰 玉清殿;元始天尊等级达到54;210603;208;54;400050;3354;0;3;;;0;3301
3354;信仰 玉清殿;元始天尊等级达到55;210603;208;55;400050;3355;0;3;;;0;3301
3355;信仰 玉清殿;元始天尊等级达到56;210603;208;56;400050;3356;0;3;;;0;3301
3356;信仰 玉清殿;元始天尊等级达到57;210603;208;57;400050;3357;0;3;;;0;3301
3357;信仰 玉清殿;元始天尊等级达到58;210603;208;58;400050;3358;0;3;;;0;3301
3358;信仰 玉清殿;元始天尊等级达到59;210603;208;59;400050;3359;0;3;;;0;3301
3359;信仰 玉清殿;元始天尊等级达到60;210603;208;60;400050;3360;0;3;;;0;3301
3360;信仰 玉清殿;元始天尊等级达到61;210603;208;61;400050;3361;0;3;;;0;3301
3361;信仰 玉清殿;元始天尊等级达到62;210603;208;62;400050;3362;0;3;;;0;3301
3362;信仰 玉清殿;元始天尊等级达到63;210603;208;63;400050;3363;0;3;;;0;3301
3363;信仰 玉清殿;元始天尊等级达到64;210603;208;64;400050;3364;0;3;;;0;3301
3364;信仰 玉清殿;元始天尊等级达到65;210603;208;65;400050;3365;0;3;;;0;3301
3365;信仰 玉清殿;元始天尊等级达到66;210603;208;66;400050;3366;0;3;;;0;3301
3366;信仰 玉清殿;元始天尊等级达到67;210603;208;67;400050;3367;0;3;;;0;3301
3367;信仰 玉清殿;元始天尊等级达到68;210603;208;68;400050;3368;0;3;;;0;3301
3368;信仰 玉清殿;元始天尊等级达到69;210603;208;69;400050;3369;0;3;;;0;3301
3369;信仰 玉清殿;元始天尊等级达到70;210603;208;70;400050;3370;0;3;;;0;3301
3370;信仰 玉清殿;元始天尊等级达到71;210603;208;71;400050;3371;0;3;;;0;3301
3371;信仰 玉清殿;元始天尊等级达到72;210603;208;72;400050;3372;0;3;;;0;3301
3372;信仰 玉清殿;元始天尊等级达到73;210603;208;73;400050;3373;0;3;;;0;3301
3373;信仰 玉清殿;元始天尊等级达到74;210603;208;74;400050;3374;0;3;;;0;3301
3374;信仰 玉清殿;元始天尊等级达到75;210603;208;75;400050;3375;0;3;;;0;3301
3375;信仰 玉清殿;元始天尊等级达到76;210603;208;76;400050;3376;0;3;;;0;3301
3376;信仰 玉清殿;元始天尊等级达到77;210603;208;77;400050;3377;0;3;;;0;3301
3377;信仰 玉清殿;元始天尊等级达到78;210603;208;78;400050;3378;0;3;;;0;3301
3378;信仰 玉清殿;元始天尊等级达到79;210603;208;79;400050;3379;0;3;;;0;3301
3379;信仰 玉清殿;元始天尊等级达到80;210603;208;80;400050;3380;0;3;;;0;3301
3380;信仰 玉清殿;元始天尊等级达到81;210603;208;81;400050;3381;0;3;;;0;3301
3381;信仰 玉清殿;元始天尊等级达到82;210603;208;82;400050;3382;0;3;;;0;3301
3382;信仰 玉清殿;元始天尊等级达到83;210603;208;83;400050;3383;0;3;;;0;3301
3383;信仰 玉清殿;元始天尊等级达到84;210603;208;84;400050;3384;0;3;;;0;3301
3384;信仰 玉清殿;元始天尊等级达到85;210603;208;85;400050;3385;0;3;;;0;3301
3385;信仰 玉清殿;元始天尊等级达到86;210603;208;86;400050;3386;0;3;;;0;3301
3386;信仰 玉清殿;元始天尊等级达到87;210603;208;87;400050;3387;0;3;;;0;3301
3387;信仰 玉清殿;元始天尊等级达到88;210603;208;88;400050;3388;0;3;;;0;3301
3388;信仰 玉清殿;元始天尊等级达到89;210603;208;89;400050;3389;0;3;;;0;3301
3389;信仰 玉清殿;元始天尊等级达到90;210603;208;90;400050;3390;0;3;;;0;3301
3390;信仰 玉清殿;元始天尊等级达到91;210603;208;91;400050;3391;0;3;;;0;3301
3391;信仰 玉清殿;元始天尊等级达到92;210603;208;92;400050;3392;0;3;;;0;3301
3392;信仰 玉清殿;元始天尊等级达到93;210603;208;93;400050;3393;0;3;;;0;3301
3393;信仰 玉清殿;元始天尊等级达到94;210603;208;94;400050;3394;0;3;;;0;3301
3394;信仰 玉清殿;元始天尊等级达到95;210603;208;95;400050;3395;0;3;;;0;3301
3395;信仰 玉清殿;元始天尊等级达到96;210603;208;96;400050;3396;0;3;;;0;3301
3396;信仰 玉清殿;元始天尊等级达到97;210603;208;97;400050;3397;0;3;;;0;3301
3397;信仰 玉清殿;元始天尊等级达到98;210603;208;98;400050;3398;0;3;;;0;3301
3398;信仰 玉清殿;元始天尊等级达到99;210603;208;99;400050;3399;0;3;;;0;3301
3399;信仰 玉清殿;元始天尊等级达到100;210603;208;100;400050;;0;3;;;0;3301
6666;日常活跃;完成所有的每日任务;200601;6;6;2990019;;0;2;;;0;
28199;【活动】每日首胜（PVP）;活动时间内，每天获得一场战斗胜利;210301;281;7;444999;;1;4;2017-09-17;2017-09-17;0;
28201;【活动】百日庆典;每天取得一场战斗胜利！    （奖励：附属神-巨人洛基）;20044;281;7;444998;;1;4;2017-09-17;2017-12-05;0;
28202;【活动】新春庆典;每天取得1场战斗胜利！    （完成奖励：莲-哪吒）;1000028;281;8;2980000;;1;4;2017-09-17;2018-03-01;0;
28203;【活动】新春庆典;每天取得1场战斗胜利！    （完成奖励：愚者）;220423;281;7;2980001;;1;4;2017-09-17;2018-04-09;0;
28204;【活动】劳动庆典;每天取得1场战斗胜利！    （奖励：头像-劳动者）;1200037;281;8;2980002;;1;4;2017-09-17;2018-05-06;0;
28205;【活动】炎夏之火;每天取得1场战斗胜利！    （奖励：锻造师-史尔特）;1000032;281;10;2980003;;1;4;2017-09-17;2018-05-27;0;
28206;【活动】原初哪吒;攻击击杀15个附属神;207401;3;15;2980004;;1;4;2018-05-18;2018-05-27;1;
28207;【活动】原初哪吒;取得5场天梯模式的胜利;207401;7;5;2980004;;1;4;2018-05-18;2018-05-27;1;
28208;【活动】原初哪吒;获得8场争乱模式胜利;207401;65;8;2980004;;1;4;2018-05-18;2018-05-27;1;
28209;【活动】原初哪吒;使用道德天尊获得7场胜利;207401;104;7;2980004;;1;4;2018-05-18;2018-05-27;1;
28210;【活动】六一;累计完成12个每日活动任务;200601;666;12;2980005;;1;4;2018-06-01;2018-06-20;0;
28211;【活动】六一;攻击击杀3个附属神;207401;3;3;400020;;1;4;2018-06-01;2018-06-02;0;
28212;【活动】六一;取得2场天梯模式的胜利;207401;7;2;400020;;1;4;2018-06-02;2018-06-03;0;
28213;【活动】六一;获得3场争乱模式胜利;207401;65;3;400020;;1;4;2018-06-03;2018-06-04;0;
28214;【活动】六一;攻击击杀3个附属神;207401;3;3;400020;;1;4;2018-06-04;2018-06-05;0;
28215;【活动】六一;取得2场天梯模式的胜利;207401;7;2;400020;;1;4;2018-06-05;2018-06-06;0;
28216;【活动】六一;获得3场争乱模式胜利;207401;65;3;400020;;1;4;2018-06-06;2018-06-07;0;
28217;【活动】六一;攻击击杀3个附属神;207401;3;3;400020;;1;4;2018-06-07;2018-06-08;0;
28218;【活动】六一;取得2场天梯模式的胜利;207401;7;2;400020;;1;4;2018-06-08;2018-06-09;0;
28219;【活动】六一;获得3场争乱模式胜利;207401;65;3;400020;;1;4;2018-06-09;2018-06-10;0;
28220;【活动】六一;攻击击杀3个附属神;207401;3;3;400020;;1;4;2018-06-10;2018-06-11;0;
28221;【活动】六一;取得2场天梯模式的胜利;207401;7;2;400020;;1;4;2018-06-11;2018-06-12;0;
28222;【活动】六一;获得3场争乱模式胜利;207401;65;3;400020;;1;4;2018-06-12;2018-06-13;0;
28223;【活动】六一;攻击击杀3个附属神;207401;3;3;400020;;1;4;2018-06-13;2018-06-14;0;
28224;【活动】六一;取得2场天梯模式的胜利;207401;7;2;400020;;1;4;2018-06-14;2018-06-15;0;
28225;【活动】六一;获得3场争乱模式胜利;207401;65;3;400020;;1;4;2018-06-15;2018-06-16;0;
28226;【活动】六一;攻击击杀3个附属神;207401;3;3;400020;;1;4;2018-06-16;2018-06-17;0;
28227;【活动】六一;取得2场天梯模式的胜利;207401;7;2;400020;;1;4;2018-06-17;2018-06-18;0;
28228;【活动】六一;获得3场争乱模式胜利;207401;65;3;400020;;1;4;2018-06-18;2018-06-19;0;
28229;【活动】六一;攻击击杀3个附属神;207401;3;3;400020;;1;4;2018-06-19;2018-06-20;0;
28230;【活动】召唤！新神集结！;召唤！新神集结！    累计完成5个每日活动任务;200601;666;5;2980011;;1;4;2018-06-19;2018-06-25;0;
28231;【活动】召唤！新神集结！;召唤！新神集结！    攻击击杀4个附属神;207401;3;4;2980011;;1;4;2018-06-19;2018-06-20;0;
28233;【活动】召唤！新神集结！;召唤！新神集结！    使用主神技能5次;200101;106;5;2980011;;1;4;2018-06-20;2018-06-21;0;
28234;【活动】召唤！新神集结！;召唤！新神集结！    战斗中驱散16个迷雾区域;210701;107;16;2980011;;1;4;2018-06-21;2018-06-22;0;
28235;【活动】召唤！新神集结！;召唤！新神集结！    使用20张神迹卡;200101;1;20;2980011;;1;4;2018-06-22;2018-06-23;0;
28236;【活动】召唤！新神集结！;召唤！新神集结！    使用10张弹幕卡;200101;2;10;2980011;;1;4;2018-06-23;2018-06-24;0;
28237;【活动】召唤！新神集结！;召唤！新神集结！    取得2场天梯模式的胜利;207401;7;2;2980011;;1;4;2018-06-24;2018-06-25;0;
28238;【活动】神秘重生！再集结！;神秘重生！再集结！      累计完成5个每日活动任务;200601;666;5;2980011;;1;4;2018-07-02;2018-07-08;0;
28239;【活动】神秘重生！再集结！;神秘重生！再集结！      攻击击杀4个附属神;207401;3;4;2980011;;1;4;2018-07-02;2018-07-03;0;
28240;【活动】神秘重生！再集结！;神秘重生！再集结！      使用主神技能5次;200101;106;5;2980011;;1;4;2018-07-03;2018-07-04;0;
28241;【活动】神秘重生！再集结！;神秘重生！再集结！      战斗中驱散16个迷雾区域;210701;107;16;2980011;;1;4;2018-07-04;2018-07-05;0;
28242;【活动】神秘重生！再集结！;神秘重生！再集结！     使用20张神迹卡;200101;1;20;2980011;;1;4;2018-07-05;2018-07-06;0;
28243;【活动】神秘重生！再集结！;神秘重生！再集结！      使用10张弹幕卡;200101;2;10;2980011;;1;4;2018-07-06;2018-07-07;0;
28244;【活动】神秘重生！再集结！;神秘重生！再集结！      取得2场天梯模式的胜利;207401;7;2;2980011;;1;4;2018-07-07;2018-07-08;0;
28245;【活动】收获的时候近了~！;收获的时候近了~！    累计完成5个每日活动任务;200601;666;5;2980011;;1;4;2018-07-17;2018-07-23;0;
28246;【活动】收获的时候近了~！;收获的时候近了~！    攻击击杀4个附属神;207401;3;4;2980011;;1;4;2018-07-17;2018-07-18;0;
28247;【活动】收获的时候近了~！;收获的时候近了~！    使用主神技能5次;200101;106;5;2980011;;1;4;2018-07-18;2018-07-19;0;
28248;【活动】收获的时候近了~！;收获的时候近了~！    战斗中驱散16个迷雾区域;210701;107;16;2980011;;1;4;2018-07-19;2018-07-20;0;
28249;【活动】收获的时候近了~！;收获的时候近了~！    使用20张神迹卡;200101;1;20;2980011;;1;4;2018-07-20;2018-07-21;0;
28250;【活动】收获的时候近了~！;收获的时候近了~！    使用10张弹幕卡;200101;2;10;2980011;;1;4;2018-07-21;2018-07-22;0;
28251;【活动】收获的时候近了~！;收获的时候近了~！    取得2场天梯模式的胜利;207401;7;2;2980011;;1;4;2018-07-22;2018-07-23;0;
28252;【活动】活动任务;累计完成5个每日活动任务;200601;666;5;2980011;;1;4;2018-08-14;2018-08-21;0;
28253;【活动】活动任务;攻击击杀5个附属神;207401;3;5;2980011;;1;4;2018-08-14;2018-08-15;0;
28254;【活动】活动任务;使用毗湿奴获得3次胜利;210501;121;3;2980011;;1;4;2018-08-15;2018-08-16;0;
28255;【活动】活动任务;使用拉获得3次胜利;210601;122;3;2980011;;1;4;2018-08-16;2018-08-17;0;
28256;【活动】活动任务;使用宙斯获得3次胜利;210602;123;3;2980011;;1;4;2018-08-17;2018-08-18;0;
28257;【活动】活动任务;使用元始天尊获得3次胜利;210603;124;3;2980011;;1;4;2018-08-18;2018-08-19;0;
28258;【活动】活动任务;使用20张神迹卡;200101;1;20;2980011;;1;4;2018-08-19;2018-08-20;0;
28259;【活动】活动任务;使用20张弹幕卡;200101;2;20;2980011;;1;4;2018-08-20;2018-08-21;0;
28260;【活动】神秘重生！再集结！;神秘重生！再集结！     累计完成5个每日活动任务;200601;666;5;2980011;;1;4;2018-08-27;2018-09-03;0;
28261;【活动】神秘重生！再集结！;神秘重生！再集结！     使用毗湿奴获得3次胜利;210501;121;3;2980011;;1;4;2018-08-27;2018-08-28;0;
28262;【活动】神秘重生！再集结！;神秘重生！再集结！     使用拉获得3次胜利;210601;122;3;2980011;;1;4;2018-08-28;2018-08-29;0;
28263;【活动】神秘重生！再集结！;神秘重生！再集结！     使用宙斯获得3次胜利;210602;123;3;2980011;;1;4;2018-08-29;2018-08-30;0;
28264;【活动】神秘重生！再集结！;神秘重生！再集结！     使用元始天尊获得3次胜利;210603;124;3;2980011;;1;4;2018-08-30;2018-08-31;0;
28265;【活动】神秘重生！再集结！;神秘重生！再集结！     使用20张神迹卡;200101;1;20;2980011;;1;4;2018-08-31;2018-09-01;0;
28266;【活动】神秘重生！再集结！;神秘重生！再集结！     使用20张弹幕卡;200101;2;20;2980011;;1;4;2018-09-01;2018-09-02;0;
28267;【活动】神秘重生！再集结！;神秘重生！再集结！     攻击击杀4个附属神;207401;3;4;2980011;;1;4;2018-09-02;2018-09-03;0;
28268;【活动】召唤！新神集结！;召唤！新神集结！       累计完成5个每日活动任务;200601;666;5;2990019;;1;4;2018-09-10;2018-09-17;0;
28269;【活动】召唤！新神集结！;召唤！新神集结！       使用毗湿奴获得3次胜利;210501;121;3;2990019;;1;4;2018-09-10;2018-09-11;0;
28270;【活动】召唤！新神集结！;召唤！新神集结！       使用拉获得3次胜利;210601;122;3;2990019;;1;4;2018-09-11;2018-09-12;0;
28271;【活动】召唤！新神集结！;召唤！新神集结！       使用宙斯获得3次胜利;210602;123;3;2990019;;1;4;2018-09-12;2018-09-13;0;
28272;【活动】召唤！新神集结！;召唤！新神集结！       使用元始天尊获得3次胜利;210603;124;3;2990019;;1;4;2018-09-13;2018-09-14;0;
28273;【活动】召唤！新神集结！;召唤！新神集结！       使用20张神迹卡;200101;1;20;2990019;;1;4;2018-09-14;2018-09-15;0;
28274;【活动】召唤！新神集结！;召唤！新神集结！       使用20张弹幕卡;200101;2;20;2990019;;1;4;2018-09-15;2018-09-16;0;
28275;【活动】召唤！新神集结！;召唤！新神集结！       攻击击杀4个附属神;207401;3;4;2990019;;1;4;2018-09-16;2018-09-17;0;
28276;【活动】神秘重生！再集结！;神秘重生！再集结！     累计完成4个每日活动任务;200601;666;4;2980011;;1;4;2018-09-25;2018-09-30;0;
28277;【活动】神秘重生！再集结！;神秘重生！再集结！     使用毗湿奴获得3次胜利;210501;121;3;2980011;;1;4;2018-09-25;2018-09-26;0;
28278;【活动】神秘重生！再集结！;神秘重生！再集结！     使用拉获得3次胜利;210601;122;3;2980011;;1;4;2018-09-26;2018-09-27;0;
28279;【活动】神秘重生！再集结！;神秘重生！再集结！     使用宙斯获得3次胜利;210602;123;3;2980011;;1;4;2018-09-27;2018-09-28;0;
28280;【活动】神秘重生！再集结！;神秘重生！再集结！     使用元始天尊获得3次胜利;210603;124;3;2980011;;1;4;2018-09-28;2018-09-29;0;
28281;【活动】神秘重生！再集结！;神秘重生！再集结！     使用20张弹幕卡;200101;2;20;2980011;;1;4;2018-09-29;2018-09-30;0;
28282;【活动】希望的曙光;希望的曙光     累计完成8个每日活动任务;200601;666;8;2990020;;1;4;2018-09-30;2018-10-08;0;
28283;【活动】希望的曙光;希望的曙光     使用天照获得8次胜利;210201;102;8;400050;;1;4;2018-09-30;2018-10-01;0;
28284;【活动】希望的曙光;希望的曙光     使用奥丁获得8次胜利;210101;101;8;400050;;1;4;2018-10-01;2018-10-02;0;
28285;【活动】希望的曙光;希望的曙光     使用伊米尔获得8次胜利;210301;103;8;400050;;1;4;2018-10-02;2018-10-03;0;
28286;【活动】希望的曙光;希望的曙光     使用道德天尊获得8次胜利;210401;104;8;400050;;1;4;2018-10-03;2018-10-04;0;
28287;【活动】希望的曙光;希望的曙光     使用毗湿奴获得8次胜利;210501;121;8;400050;;1;4;2018-10-04;2018-10-05;0;
28288;【活动】希望的曙光;希望的曙光     使用拉获得8次胜利;210601;122;8;400050;;1;4;2018-10-05;2018-10-06;0;
28289;【活动】希望的曙光;希望的曙光     使用宙斯获得8次胜利;210602;123;8;400050;;1;4;2018-10-06;2018-10-07;0;
28290;【活动】希望的曙光;希望的曙光     使用元始天尊获得8次胜利;210603;124;8;400050;;1;4;2018-10-07;2018-10-08;0;
28291;【活动】召唤！新神集结！;召唤！新神集结！    累计完成5个每日活动任务;200601;666;5;2980011;;1;4;2018-10-08;2018-10-15;0;
28292;【活动】召唤！新神集结！;召唤！新神集结！    获得3场争乱模式胜利;207401;65;3;2980011;;1;4;2018-10-08;2018-10-09;0;
28293;【活动】召唤！新神集结！;召唤！新神集结！    使用主神技能5次;200101;106;5;2980011;;1;4;2018-10-09;2018-10-10;0;
28294;【活动】召唤！新神集结！;召唤！新神集结！    战斗中驱散16个迷雾区域;210701;107;16;2980011;;1;4;2018-10-10;2018-10-11;0;
28295;【活动】召唤！新神集结！;召唤！新神集结！    使用20张神迹卡;200101;1;20;2980011;;1;4;2018-10-11;2018-10-12;0;
28296;【活动】召唤！新神集结！;召唤！新神集结！    使用10张弹幕卡;200101;2;10;2980011;;1;4;2018-10-12;2018-10-13;0;
28297;【活动】召唤！新神集结！;召唤！新神集结！    取得2场天梯模式的胜利;207401;7;2;2980011;;1;4;2018-10-13;2018-10-14;0;
28298;【活动】召唤！新神集结！;召唤！新神集结！    获得3场争乱模式胜利;207401;65;3;2980011;;1;4;2018-10-14;2018-10-15;0;
28299;【活动】集结！辉夜再度UP！;集结！辉夜再度UP！    累计完成5个每日活动任务;200601;666;5;2980011;;1;4;2018-10-22;2018-10-29;0;
28300;【活动】集结！辉夜再度UP！;集结！辉夜再度UP！    取得2场天梯模式的胜利;207401;7;2;2980011;;1;4;2018-10-22;2018-10-23;0;
28301;【活动】集结！辉夜再度UP！;集结！辉夜再度UP！    使用主神技能5次;200101;106;5;2980011;;1;4;2018-10-23;2018-10-24;0;
28302;【活动】集结！辉夜再度UP！;集结！辉夜再度UP！    战斗中驱散16个迷雾区域;210701;107;16;2980011;;1;4;2018-10-24;2018-10-25;0;
28303;【活动】集结！辉夜再度UP！;集结！辉夜再度UP！    使用20张神迹卡;200101;1;20;2980011;;1;4;2018-10-25;2018-10-26;0;
28304;【活动】集结！辉夜再度UP！;集结！辉夜再度UP！    使用10张弹幕卡;200101;2;10;2980011;;1;4;2018-10-26;2018-10-27;0;
28305;【活动】集结！辉夜再度UP！;集结！辉夜再度UP！    使用元始天尊获得2次胜利;210603;124;2;2980011;;1;4;2018-10-27;2018-10-28;0;
28306;【活动】集结！辉夜再度UP！;集结！辉夜再度UP！    获得3场争乱模式胜利;207401;65;3;2980011;;1;4;2018-10-28;2018-10-29;0;
28307;【活动】召唤！新神集结！;召唤！新神集结！      累计完成5个每日活动任务;200601;666;5;2980011;;1;4;2018-11-02;2018-11-12;0;
28308;【活动】召唤！新神集结！;召唤！新神集结！      取得2场天梯模式的胜利;207401;7;2;2980011;;1;4;2018-11-02;2018-11-03;0;
28309;【活动】召唤！新神集结！;召唤！新神集结！      取得2场天梯模式的胜利;207401;7;2;2980011;;1;4;2018-11-03;2018-11-04;0;
28310;【活动】召唤！新神集结！;召唤！新神集结！       使用天照获得3次胜利;210201;102;3;2980011;;1;4;2018-11-04;2018-11-05;0;
28311;【活动】召唤！新神集结！;召唤！新神集结！       使用奥丁获得3次胜利;210101;101;3;2980011;;1;4;2018-11-05;2018-11-06;0;
28312;【活动】召唤！新神集结！;召唤！新神集结！       使用伊米尔获得3次胜利;210301;103;3;2980011;;1;4;2018-11-06;2018-11-07;0;
28313;【活动】召唤！新神集结！;召唤！新神集结！       使用道德天尊获得3次胜利;210401;104;3;2980011;;1;4;2018-11-07;2018-11-08;0;
28314;【活动】召唤！新神集结！;召唤！新神集结！       使用毗湿奴获得3次胜利;210501;121;3;2980011;;1;4;2018-11-08;2018-11-09;0;
28315;【活动】召唤！新神集结！;召唤！新神集结！       使用拉获得3次胜利;210601;122;3;2980011;;1;4;2018-11-09;2018-11-10;0;
28316;【活动】召唤！新神集结！;召唤！新神集结！       使用宙斯获得3次胜利;210602;123;3;2980011;;1;4;2018-11-10;2018-11-11;0;
28317;【活动】召唤！新神集结！;召唤！新神集结！       使用元始天尊获得3次胜利;210603;124;3;2980011;;1;4;2018-11-11;2018-11-12;0;
28318;【活动】一发入魂;一发入魂    获得3场争乱模式胜利;207401;65;3;2990023;;1;4;2018-12-03;2018-12-04;0;
28319;【活动】一发入魂;一发入魂    获得3场争乱模式胜利;207401;65;3;2990023;;1;4;2018-12-04;2018-12-05;0;
28320;【活动】一发入魂;一发入魂    获得3场争乱模式胜利;207401;65;3;2990023;;1;4;2018-12-05;2018-12-06;0;
28321;【活动】一发入魂;一发入魂    获得3场争乱模式胜利;207401;65;3;2990023;;1;4;2018-12-06;2018-12-07;0;
28322;【活动】一发入魂;一发入魂    获得3场争乱模式胜利;207401;65;3;2990023;;1;4;2018-12-07;2018-12-08;0;
28323;【活动】一发入魂;一发入魂    获得3场争乱模式胜利;207401;65;3;2990023;;1;4;2018-12-08;2018-12-09;0;
28324;【活动】一发入魂;一发入魂    获得3场争乱模式胜利;207401;65;3;2990023;;1;4;2018-12-09;2018-12-10;0;
28325;【活动】召唤！新限定神即将到来！;召唤！新限定神即将到来！    累计完成5个每日活动任务;200601;666;5;2980011;;1;4;2018-12-17;2018-12-25;0;
28326;【活动】召唤！新限定神即将到来！;召唤！新限定神即将到来！    使用天照获得3次胜利;210201;102;3;2980011;;1;4;2018-12-17;2018-12-18;0;
28327;【活动】召唤！新限定神即将到来！;召唤！新限定神即将到来！    使用奥丁获得3次胜利;210101;101;3;2980011;;1;4;2018-12-18;2018-12-19;0;
28328;【活动】召唤！新限定神即将到来！;召唤！新限定神即将到来！    使用伊米尔获得3次胜利;210301;103;3;2980011;;1;4;2018-12-19;2018-12-20;0;
28329;【活动】召唤！新限定神即将到来！;召唤！新限定神即将到来！    使用道德天尊获得3次胜利;210401;104;3;2980011;;1;4;2018-12-20;2018-12-21;0;
28330;【活动】召唤！新限定神即将到来！;召唤！新限定神即将到来！    使用毗湿奴获得3次胜利;210501;121;3;2980011;;1;4;2018-12-21;2018-12-22;0;
28331;【活动】召唤！新限定神即将到来！;召唤！新限定神即将到来！    使用拉获得3次胜利;210601;122;3;2980011;;1;4;2018-12-22;2018-12-23;0;
28332;【活动】召唤！新限定神即将到来！;召唤！新限定神即将到来！    使用宙斯获得3次胜利;210602;123;3;2980011;;1;4;2018-12-23;2018-12-24;0;
28333;【活动】召唤！新限定神即将到来！;召唤！新限定神即将到来！    使用元始天尊获得3次胜利;210603;124;3;2980011;;1;4;2018-12-24;2018-12-25;0;
28334;【活动】召唤！新限定神即将到来！;召唤！新限定神即将到来！    累计完成5个每日活动任务;200601;666;5;2990019;;1;4;2019-01-14;2019-01-22;0;
28335;【活动】召唤！新限定神即将到来！;召唤！新限定神即将到来！    使用天照获得3次胜利;210201;102;3;2990019;;1;4;2019-01-14;2019-01-15;0;
28336;【活动】召唤！新限定神即将到来！;召唤！新限定神即将到来！    使用奥丁获得3次胜利;210101;101;3;2990019;;1;4;2019-01-15;2019-01-16;0;
28337;【活动】召唤！新限定神即将到来！;召唤！新限定神即将到来！    使用伊米尔获得3次胜利;210301;103;3;2990019;;1;4;2019-01-16;2019-01-17;0;
28338;【活动】召唤！新限定神即将到来！;召唤！新限定神即将到来！    使用道德天尊获得3次胜利;210401;104;3;2990019;;1;4;2019-01-17;2019-01-18;0;
28339;【活动】召唤！新限定神即将到来！;召唤！新限定神即将到来！    使用毗湿奴获得3次胜利;210501;121;3;2990019;;1;4;2019-01-18;2019-01-19;0;
28340;【活动】召唤！新限定神即将到来！;召唤！新限定神即将到来！    使用拉获得3次胜利;210601;122;3;2990019;;1;4;2019-01-19;2019-01-20;0;
28341;【活动】召唤！新限定神即将到来！;召唤！新限定神即将到来！    使用宙斯获得3次胜利;210602;123;3;2990019;;1;4;2019-01-20;2019-01-21;0;
28342;【活动】召唤！新限定神即将到来！;召唤！新限定神即将到来！    使用元始天尊获得3次胜利;210603;124;3;2990019;;1;4;2019-01-21;2019-01-22;0;
28343;【活动】和平的日常;和平的日常    使用天照获得3次胜利;210201;102;3;2990019;;1;4;2019-04-15;2019-04-16;0;
28344;【活动】和平的日常;和平的日常    使用奥丁获得3次胜利;210101;101;3;2990019;;1;4;2019-04-16;2019-04-17;0;
28345;【活动】和平的日常;和平的日常    使用伊米尔获得3次胜利;210301;103;3;2990019;;1;4;2019-04-17;2019-04-18;0;
28346;【活动】和平的日常;和平的日常    使用道德天尊获得3次胜利;210401;104;3;2990019;;1;4;2019-04-18;2019-04-19;0;
28347;【活动】和平的日常;和平的日常    使用毗湿奴获得3次胜利;210501;121;3;2990019;;1;4;2019-04-19;2019-04-20;0;
28348;【活动】和平的日常;和平的日常    使用拉获得3次胜利;210601;122;3;2990019;;1;4;2019-04-20;2019-04-21;0;
28349;【活动】和平的日常;和平的日常    使用宙斯获得3次胜利;210602;123;3;2990019;;1;4;2019-04-21;2019-04-22;0;
28350;【活动】降临前夕;降临前夕    使用天照获得3次胜利;210201;102;3;2990019;;1;4;2019-04-29;2019-04-30;0;
28351;【活动】降临前夕;降临前夕    使用奥丁获得3次胜利;210101;101;3;2990019;;1;4;2019-04-30;2019-05-01;0;
28352;【活动】降临前夕;降临前夕    使用伊米尔获得3次胜利;210301;103;3;2990019;;1;4;2019-05-01;2019-05-02;0;
28353;【活动】降临前夕;降临前夕    使用道德天尊获得3次胜利;210401;104;3;2990019;;1;4;2019-05-02;2019-05-03;0;
28354;【活动】降临前夕;降临前夕    使用毗湿奴获得3次胜利;210501;121;3;2990019;;1;4;2019-05-03;2019-05-04;0;
28355;【活动】降临前夕;降临前夕    使用拉获得3次胜利;210601;122;3;2990019;;1;4;2019-05-04;2019-05-05;0;
28356;【活动】降临前夕;降临前夕    使用宙斯获得3次胜利;210602;123;3;2990019;;1;4;2019-05-05;2019-05-06;0;
28357;【活动】平静的日常;平静的日常    使用天照获得3次胜利;210201;102;3;2980012;;1;4;2019-05-27;2019-05-28;0;
28358;【活动】平静的日常;平静的日常    使用奥丁获得3次胜利;210101;101;3;2980012;;1;4;2019-05-28;2019-05-29;0;
28359;【活动】平静的日常;平静的日常    使用伊米尔获得3次胜利;210301;103;3;2980012;;1;4;2019-05-29;2019-05-30;0;
28360;【活动】平静的日常;平静的日常    使用道德天尊获得3次胜利;210401;104;3;2980012;;1;4;2019-05-30;2019-05-31;0;
28361;【活动】平静的日常;平静的日常    使用毗湿奴获得3次胜利;210501;121;3;2980012;;1;4;2019-05-31;2019-06-01;0;
28362;【活动】平静的日常;平静的日常    使用拉获得3次胜利;210601;122;3;2980012;;1;4;2019-06-01;2019-06-02;0;
28363;【活动】平静的日常;平静的日常    使用宙斯获得3次胜利;210602;123;3;2980012;;1;4;2019-06-02;2019-06-03;0;
28364;【活动】天下大同;天下大同    使用天照获得3次胜利;210201;102;3;2980012;;1;4;2019-06-24;2019-06-25;0;
28365;【活动】天下大同;天下大同    使用奥丁获得3次胜利;210101;101;3;2980012;;1;4;2019-06-25;2019-06-26;0;
28366;【活动】天下大同;天下大同    使用伊米尔获得3次胜利;210301;103;3;2980012;;1;4;2019-06-26;2019-06-27;0;
28367;【活动】天下大同;天下大同    使用道德天尊获得3次胜利;210401;104;3;2980012;;1;4;2019-06-27;2019-06-28;0;
28368;【活动】天下大同;天下大同    使用毗湿奴获得3次胜利;210501;121;3;2980012;;1;4;2019-06-28;2019-06-29;0;
28369;【活动】天下大同;天下大同    使用拉获得3次胜利;210601;122;3;2980012;;1;4;2019-06-29;2019-06-30;0;
28370;【活动】天下大同;天下大同    使用宙斯获得3次胜利;210602;123;3;2980012;;1;4;2019-06-30;2019-07-01;0;
28371;【活动】梦境的日常;梦境的日常    使用天照获得3次胜利;210201;102;3;2980011;;1;4;2019-07-15;2019-07-16;0;
28372;【活动】梦境的日常;梦境的日常    使用奥丁获得3次胜利;210101;101;3;2980011;;1;4;2019-07-16;2019-07-17;0;
28373;【活动】梦境的日常;梦境的日常    使用伊米尔获得3次胜利;210301;103;3;2980011;;1;4;2019-07-17;2019-07-18;0;
28374;【活动】梦境的日常;梦境的日常    使用道德天尊获得3次胜利;210401;104;3;2980011;;1;4;2019-07-18;2019-07-19;0;
28375;【活动】梦境的日常;梦境的日常    使用毗湿奴获得3次胜利;210501;121;3;2980011;;1;4;2019-07-19;2019-07-20;0;
28376;【活动】梦境的日常;梦境的日常    使用拉获得3次胜利;210601;122;3;2980011;;1;4;2019-07-20;2019-07-21;0;
28377;【活动】梦境的日常;梦境的日常    使用宙斯获得3次胜利;210602;123;3;2980011;;1;4;2019-07-21;2019-07-22;0;
28378;【活动】夏日沙滩祭;夏日沙滩祭    使用天照获得3次胜利;210201;102;3;2980011;;1;4;2019-07-23;2019-07-24;0;
28379;【活动】夏日沙滩祭;夏日沙滩祭    使用奥丁获得3次胜利;210101;101;3;2980011;;1;4;2019-07-24;2019-07-25;0;
28380;【活动】夏日沙滩祭;夏日沙滩祭    使用伊米尔获得3次胜利;210301;103;3;2980011;;1;4;2019-07-25;2019-07-26;0;
28381;【活动】夏日沙滩祭;夏日沙滩祭    使用道德天尊获得3次胜利;210401;104;3;2980011;;1;4;2019-07-26;2019-07-27;0;
28382;【活动】夏日沙滩祭;夏日沙滩祭    使用毗湿奴获得3次胜利;210501;121;3;2980011;;1;4;2019-07-27;2019-07-28;0;
28383;【活动】夏日沙滩祭;夏日沙滩祭    使用拉获得3次胜利;210601;122;3;2980011;;1;4;2019-07-28;2019-07-29;0;
28384;【活动】夏日沙滩祭;夏日沙滩祭    使用宙斯获得3次胜利;210602;123;3;1000051;;1;4;2019-07-29;2019-07-30;0;
28385;【活动】和平的日常;和平的日常    使用天照获得3次胜利;210201;102;3;2980011;;1;4;2019-08-06;2019-08-07;0;
28386;【活动】和平的日常;和平的日常    使用奥丁获得3次胜利;210101;101;3;2980011;;1;4;2019-08-07;2019-08-08;0;
28387;【活动】和平的日常;和平的日常    使用伊米尔获得3次胜利;210301;103;3;2980011;;1;4;2019-08-08;2019-08-09;0;
28388;【活动】和平的日常;和平的日常    使用道德天尊获得3次胜利;210401;104;3;2980011;;1;4;2019-08-09;2019-08-10;0;
28389;【活动】和平的日常;和平的日常    使用毗湿奴获得3次胜利;210501;121;3;2980011;;1;4;2019-08-10;2019-08-11;0;
28390;【活动】和平的日常;和平的日常    使用拉获得3次胜利;210601;122;3;2980011;;1;4;2019-08-11;2019-08-12;0;
28391;【活动】和平的日常;和平的日常    使用宙斯获得3次胜利;210602;123;3;2980011;;1;4;2019-08-12;2019-08-13;0;
28392;【活动】平静的日常;平静的日常    使用天照获得3次胜利;210201;102;3;2980011;;1;4;2019-09-10;2019-09-11;0;
28393;【活动】平静的日常;平静的日常    使用奥丁获得3次胜利;210101;101;3;2980011;;1;4;2019-09-11;2019-09-12;0;
28394;【活动】平静的日常;平静的日常    使用伊米尔获得3次胜利;210301;103;3;2980011;;1;4;2019-09-12;2019-09-13;0;
28395;【活动】平静的日常;平静的日常    使用道德天尊获得3次胜利;210401;104;3;2980011;;1;4;2019-09-13;2019-09-14;0;
28396;【活动】平静的日常;平静的日常    使用毗湿奴获得3次胜利;210501;121;3;2980011;;1;4;2019-09-14;2019-09-15;0;
28397;【活动】平静的日常;平静的日常    使用拉获得3次胜利;210601;122;3;2980011;;1;4;2019-09-15;2019-09-16;0;
28398;【活动】平静的日常;平静的日常    使用宙斯获得3次胜利;210602;123;3;1100035;;1;4;2019-09-16;2019-09-17;0;
28399;【活动】和平的日常;和平的日常    使用天照获得3次胜利;210201;102;3;2980011;;1;4;2019-10-15;2019-10-16;0;
28400;【活动】和平的日常;和平的日常    使用奥丁获得3次胜利;210101;101;3;2980011;;1;4;2019-10-16;2019-10-17;0;
28401;【活动】和平的日常;和平的日常    使用伊米尔获得3次胜利;210301;103;3;2980011;;1;4;2019-10-17;2019-10-18;0;
28402;【活动】和平的日常;和平的日常    使用道德天尊获得3次胜利;210401;104;3;2980011;;1;4;2019-10-18;2019-10-19;0;
28403;【活动】和平的日常;和平的日常    使用毗湿奴获得3次胜利;210501;121;3;2980011;;1;4;2019-10-19;2019-10-20;0;
28404;【活动】和平的日常;和平的日常    使用拉获得3次胜利;210601;122;3;2980011;;1;4;2019-10-20;2019-10-21;0;
28405;【活动】和平的日常;和平的日常    使用宙斯获得3次胜利;210602;123;3;2980011;;1;4;2019-10-21;2019-10-22;0;
28406;【活动】平静的日常;平静的日常    使用天照获得3次胜利;210201;102;3;2980011;;1;4;2019-11-12;2019-11-13;0;
28407;【活动】平静的日常;平静的日常    使用奥丁获得3次胜利;210101;101;3;2980011;;1;4;2019-11-13;2019-11-14;0;
28408;【活动】平静的日常;平静的日常    使用伊米尔获得3次胜利;210301;103;3;2980011;;1;4;2019-11-14;2019-11-15;0;
28409;【活动】平静的日常;平静的日常    使用道德天尊获得3次胜利;210401;104;3;2980011;;1;4;2019-11-15;2019-11-16;0;
28410;【活动】平静的日常;平静的日常    使用毗湿奴获得3次胜利;210501;121;3;2980011;;1;4;2019-11-16;2019-11-17;0;
28411;【活动】平静的日常;平静的日常    使用拉获得3次胜利;210601;122;3;2980011;;1;4;2019-11-17;2019-11-18;0;
28412;【活动】平静的日常;平静的日常    使用宙斯获得3次胜利;210602;123;3;2980011;;1;4;2019-11-18;2019-11-19;0;
28413;【活动】和平的日常;和平的日常    使用天照获得3次胜利;210201;102;3;2980011;;1;4;2019-12-10;2019-12-11;0;
28414;【活动】和平的日常;和平的日常    使用奥丁获得3次胜利;210101;101;3;2980011;;1;4;2019-12-11;2019-12-12;0;
28415;【活动】和平的日常;和平的日常    使用伊米尔获得3次胜利;210301;103;3;2980011;;1;4;2019-12-12;2019-12-13;0;
28416;【活动】和平的日常;和平的日常    使用道德天尊获得3次胜利;210401;104;3;2980011;;1;4;2019-12-13;2019-12-14;0;
28417;【活动】和平的日常;和平的日常    使用毗湿奴获得3次胜利;210501;121;3;2980011;;1;4;2019-12-14;2019-12-15;0;
28418;【活动】和平的日常;和平的日常    使用拉获得3次胜利;210601;122;3;2980011;;1;4;2019-12-15;2019-12-16;0;
28419;【活动】和平的日常;和平的日常    使用宙斯获得3次胜利;210602;123;3;2980011;;1;4;2019-12-16;2019-12-17;0;
28420;【活动】欢庆元旦;欢庆元旦    使用天照获得3次胜利;210201;102;3;2990023;;1;4;2019-12-31;2020-01-01;0;
28421;【活动】欢庆元旦;欢庆元旦    使用奥丁获得3次胜利;210101;101;3;2990023;;1;4;2020-01-01;2020-01-02;0;
28422;【活动】欢庆元旦;欢庆元旦    使用伊米尔获得3次胜利;210301;103;3;2990023;;1;4;2020-01-02;2020-01-03;0;
28423;【活动】欢庆元旦;欢庆元旦    使用道德天尊获得3次胜利;210401;104;3;2990023;;1;4;2020-01-03;2020-01-04;0;
28424;【活动】欢庆元旦;欢庆元旦    使用毗湿奴获得3次胜利;210501;121;3;2990023;;1;4;2020-01-04;2020-01-05;0;
28425;【活动】欢庆元旦;欢庆元旦    使用拉获得3次胜利;210601;122;3;2990023;;1;4;2020-01-05;2020-01-06;0;
28426;【活动】欢庆元旦;欢庆元旦    使用宙斯获得3次胜利;210602;123;3;2990024;;1;4;2020-01-06;2020-01-07;0;
28427;【活动】和平的日常;和平的日常    使用天照获得3次胜利;210201;102;3;2980011;;1;4;2020-02-18;2020-02-19;0;
28428;【活动】和平的日常;和平的日常    使用奥丁获得3次胜利;210101;101;3;2980011;;1;4;2020-02-19;2020-02-20;0;
28429;【活动】和平的日常;和平的日常    使用伊米尔获得3次胜利;210301;103;3;2980011;;1;4;2020-02-20;2020-02-21;0;
28430;【活动】和平的日常;和平的日常    使用道德天尊获得3次胜利;210401;104;3;2980011;;1;4;2020-02-21;2020-02-22;0;
28431;【活动】和平的日常;和平的日常    使用毗湿奴获得3次胜利;210501;121;3;2980011;;1;4;2020-02-22;2020-02-23;0;
28432;【活动】和平的日常;和平的日常    使用拉获得3次胜利;210601;122;3;2980011;;1;4;2020-02-23;2020-02-24;0;
28433;【活动】和平的日常;和平的日常    使用宙斯获得3次胜利;210602;123;3;2980011;;1;4;2020-02-24;2020-02-25;0;
28434;【活动】邪魔退散！百毒不侵大作战！;邪魔退散！百毒不侵大作战！  累计完成5个每日活动任务;210701;666;5;2980011;;1;4;2020-02-25;2020-02-31;0;
28435;【活动】邪魔退散！百毒不侵大作战！;邪魔退散！百毒不侵大作战！  攻击击杀4个附属神;207401;3;4;2980011;;1;4;2020-02-25;2020-02-26;0;
28436;【活动】邪魔退散！百毒不侵大作战！;邪魔退散！百毒不侵大作战！  使用主神技能5次;200101;106;5;2980011;;1;4;2020-02-26;2020-02-27;0;
28437;【活动】邪魔退散！百毒不侵大作战！;邪魔退散！百毒不侵大作战！  使用道德天尊获得3次胜利;210401;104;3;2980011;;1;4;2020-02-27;2020-02-28;0;
28438;【活动】邪魔退散！百毒不侵大作战！;邪魔退散！百毒不侵大作战！  使用20张神迹卡;200101;1;20;2980011;;1;4;2020-02-28;2020-02-29;0;
28439;【活动】邪魔退散！百毒不侵大作战！;邪魔退散！百毒不侵大作战！  使用10张弹幕卡;200101;2;10;2980011;;1;4;2020-02-29;2020-03-01;0;
28440;【活动】邪魔退散！百毒不侵大作战！;邪魔退散！百毒不侵大作战！  使用元始天尊获得3次胜利;210603;124;3;2980011;;1;4;2020-03-01;2020-03-02;0;
28441;【活动】平静的日常;平静的日常    使用天照获得3次胜利;210201;102;3;945001;;1;4;2020-03-03;2020-03-04;0;
28442;【活动】平静的日常;平静的日常    使用奥丁获得3次胜利;210101;101;3;945001;;1;4;2020-03-04;2020-03-05;0;
28443;【活动】平静的日常;平静的日常    使用伊米尔获得3次胜利;210301;103;3;945001;;1;4;2020-03-05;2020-03-06;0;
28444;【活动】平静的日常;平静的日常    使用道德天尊获得3次胜利;210401;104;3;945001;;1;4;2020-03-06;2020-03-07;0;
28445;【活动】平静的日常;平静的日常    使用毗湿奴获得3次胜利;210501;121;3;945001;;1;4;2020-03-07;2020-03-08;0;
28446;【活动】平静的日常;平静的日常    使用拉获得3次胜利;210601;122;3;945001;;1;4;2020-03-08;2020-03-09;0;
28447;【活动】平静的日常;平静的日常    使用宙斯获得3次胜利;210602;123;3;945001;;1;4;2020-03-09;2020-03-10;0;
28448;【活动】平静的日常;平静的日常    使用天照获得3次胜利;210201;102;3;945001;;1;4;2020-03-17;2020-03-18;0;
28449;【活动】平静的日常;平静的日常    使用奥丁获得3次胜利;210101;101;3;945001;;1;4;2020-03-18;2020-03-19;0;
28450;【活动】平静的日常;平静的日常    使用伊米尔获得3次胜利;210301;103;3;945001;;1;4;2020-03-19;2020-03-20;0;
28451;【活动】平静的日常;平静的日常    使用道德天尊获得3次胜利;210401;104;3;945001;;1;4;2020-03-20;2020-03-21;0;
28452;【活动】平静的日常;平静的日常    使用毗湿奴获得3次胜利;210501;121;3;945001;;1;4;2020-03-21;2020-03-22;0;
28453;【活动】平静的日常;平静的日常    使用拉获得3次胜利;210601;122;3;945001;;1;4;2020-03-22;2020-03-23;0;
28454;【活动】平静的日常;平静的日常    使用宙斯获得3次胜利;210602;123;3;945001;;1;4;2020-03-23;2020-03-24;0;
28455;【活动】平静的日常;平静的日常    使用天照获得3次胜利;210201;102;3;945001;;1;4;2020-04-07;2020-04-08;0;
28456;【活动】平静的日常;平静的日常    使用奥丁获得3次胜利;210101;101;3;945001;;1;4;2020-04-08;2020-04-09;0;
28457;【活动】平静的日常;平静的日常    使用伊米尔获得3次胜利;210301;103;3;945001;;1;4;2020-04-09;2020-04-10;0;
28458;【活动】平静的日常;平静的日常    使用道德天尊获得3次胜利;210401;104;3;945001;;1;4;2020-04-10;2020-04-11;0;
28459;【活动】平静的日常;平静的日常    使用毗湿奴获得3次胜利;210501;121;3;945001;;1;4;2020-04-11;2020-04-12;0;
28460;【活动】平静的日常;平静的日常    使用拉获得3次胜利;210601;122;3;945001;;1;4;2020-04-12;2020-04-13;0;
28461;【活动】平静的日常;平静的日常    使用宙斯获得3次胜利;210602;123;3;945001;;1;4;2020-04-13;2020-04-14;0;
28462;【活动】平静的日常;平静的日常    使用天照获得3次胜利;210201;102;3;945001;;1;4;2020-05-19;2020-05-20;0;
28463;【活动】平静的日常;平静的日常    使用奥丁获得3次胜利;210101;101;3;945001;;1;4;2020-05-20;2020-05-21;0;
28464;【活动】平静的日常;平静的日常    使用伊米尔获得3次胜利;210301;103;3;945001;;1;4;2020-05-21;2020-05-22;0;
28465;【活动】平静的日常;平静的日常    使用道德天尊获得3次胜利;210401;104;3;945001;;1;4;2020-05-22;2020-05-23;0;
28466;【活动】平静的日常;平静的日常    使用毗湿奴获得3次胜利;210501;121;3;945001;;1;4;2020-05-23;2020-05-24;0;
28467;【活动】平静的日常;平静的日常    使用拉获得3次胜利;210601;122;3;945001;;1;4;2020-05-24;2020-05-25;0;
28468;【活动】平静的日常;平静的日常    使用宙斯获得3次胜利;210602;123;3;945001;;1;4;2020-05-25;2020-05-26;0;
28469;【活动】平静的日常;平静的日常    使用天照获得3次胜利;210201;102;3;945001;;1;4;2020-05-26;2020-05-27;0;
28470;【活动】平静的日常;平静的日常    使用奥丁获得3次胜利;210101;101;3;945001;;1;4;2020-05-27;2020-05-28;0;
28471;【活动】平静的日常;平静的日常    使用伊米尔获得3次胜利;210301;103;3;945001;;1;4;2020-05-28;2020-05-29;0;
28472;【活动】平静的日常;平静的日常    使用道德天尊获得3次胜利;210401;104;3;945001;;1;4;2020-05-29;2020-05-30;0;
28473;【活动】平静的日常;平静的日常    使用毗湿奴获得3次胜利;210501;121;3;945001;;1;4;2020-05-30;2020-05-31;0;
28474;【活动】平静的日常;平静的日常    使用拉获得3次胜利;210601;122;3;945001;;1;4;2020-05-31;2020-06-01;0;
28475;【活动】平静的日常;平静的日常    使用宙斯获得3次胜利;210602;123;3;945001;;1;4;2020-06-01;2020-06-02;0;
28476;【活动】平静的日常;平静的日常    累计完成10个每日活动任务;200601;666;10;2990019;;1;4;2020-06-16;2020-06-30;0;
28477;【活动】平静的日常;平静的日常    使用20张神迹卡;200101;1;20;2990019;;1;4;2020-06-17;2020-06-18;0;
28478;【活动】平静的日常;平静的日常    使用20张弹幕卡;200101;2;20;2990019;;1;4;2020-06-18;2020-06-19;0;
28479;【活动】平静的日常;平静的日常    攻击击杀4个附属神;207401;3;4;2990019;;1;4;2020-06-19;2020-06-20;0;
28480;【活动】平静的日常;平静的日常    使用主神技能5次;200101;106;5;2990019;;1;4;2020-06-20;2020-06-21;0;
28481;【活动】平静的日常;平静的日常    使用宙斯获得3次胜利;210602;123;3;2990019;;1;4;2020-06-21;2020-06-22;0;
28482;【活动】平静的日常;平静的日常    使用天照获得3次胜利;210201;102;3;2990019;;1;4;2020-06-22;2020-06-23;0;
28483;【活动】平静的日常;平静的日常    使用奥丁获得3次胜利;210101;101;3;2990019;;1;4;2020-06-23;2020-06-24;0;
28484;【活动】平静的日常;平静的日常    使用伊米尔获得3次胜利;210301;103;3;2980011;;1;4;2020-06-24;2020-06-25;0;
28485;【活动】平静的日常;平静的日常    使用道德天尊获得3次胜利;210401;104;3;2980011;;1;4;2020-06-25;2020-06-26;0;
28486;【活动】平静的日常;平静的日常    使用毗湿奴获得3次胜利;210501;121;3;2980011;;1;4;2020-06-26;2020-06-27;0;
28487;【活动】平静的日常;平静的日常    使用拉获得3次胜利;210601;122;3;2980011;;1;4;2020-06-27;2020-06-28;0;
28488;【活动】平静的日常;平静的日常    取得2场天梯模式的胜利;207401;7;2;2980011;;1;4;2020-06-28;2020-06-29;0;
28489;【活动】平静的日常;平静的日常    战斗中驱散16个迷雾区域;210701;107;16;2980011;;1;4;2020-06-29;2020-06-30;0;
28490;【活动】新春庆典;累计取得30场胜利！    奖励：幻影与梦-庄周鹏之型;1000068;5;30;2990053;;1;4;2021-02-04;2021-02-25;0;
28491;【活动】辛丑十胜;获得10场争乱模式胜利！    奖励：“辛丑”头像框;1100072;65;10;2990054;;1;4;2021-02-12;2021-02-17;0;
28492;【活动】元宵月明;元宵月明    取得2场天梯模式的胜利;207401;7;2;2990019;;1;4;2021-02-25;2021-02-26;0;
28493;【活动】元宵月明;元宵月明    使用元始天尊获得3次胜利;210603;124;3;2990019;;1;4;2021-02-26;2021-02-27;0;
28494;【活动】元宵月明;元宵月明    使用20张神迹卡;200101;1;20;2990019;;1;4;2021-02-27;2021-02-28;0;
28495;【活动】元宵月明;元宵月明    使用10张弹幕卡;200101;2;10;2990019;;1;4;2021-02-28;2021-03-01;0;
28496;【活动】六一;六一    取得2场天梯模式的胜利;1100083;7;2;2990074;;1;4;2021-05-31;2021-06-03;0;
28497;【活动】巨蛇重临;巨蛇重临    累计完成4个每日活动任务;200601;666;4;2980011;;1;4;2021-06-11;2021-06-17;0;
28498;【活动】巨蛇重临;巨蛇重临    攻击击杀4个附属神;207401;3;4;2980011;;1;4;2021-06-12;2021-06-13;0;
28499;【活动】巨蛇重临;巨蛇重临    使用主神技能5次;200101;106;5;2980011;;1;4;2021-06-13;2021-06-14;0;
28500;【活动】巨蛇重临;巨蛇重临    战斗中驱散16个迷雾区域;210701;107;16;2980011;;1;4;2021-06-14;2021-06-15;0;
28501;【活动】巨蛇重临;巨蛇重临    使用20张神迹卡;200101;1;20;2980011;;1;4;2021-06-15;2021-06-16;0;
28502;【活动】巨蛇重临;巨蛇重临    使用20张弹幕卡;200101;2;20;2980011;;1;4;2021-06-16;2021-06-17;0;
28503;【活动】涅槃浴火;涅槃浴火    累计完成5个<color=#FFB200FF><i>每日限时任务</i></color>;200601;666;5;2990075;;1;4;2021-07-30;2021-08-07;0;
28504;【活动】涅槃浴火;<color=#FFB200FF><i>涅槃浴火</i></color><size=20>（每日限时任务）</size>    使用天照获得3次胜利;210201;102;3;2990016;;1;4;2021-07-30;2021-08-01;0;
28505;【活动】涅槃浴火;<color=#FFB200FF><i>涅槃浴火</i></color><size=20>（每日限时任务）</size>    使用奥丁获得3次胜利;210101;101;3;2990016;;1;4;2021-08-01;2021-08-02;0;
28506;【活动】涅槃浴火;<color=#FFB200FF><i>涅槃浴火</i></color><size=20>（每日限时任务）</size>    使用伊米尔获得3次胜利;210301;103;3;2990016;;1;4;2021-08-02;2021-08-03;0;
28507;【活动】涅槃浴火;<color=#FFB200FF><i>涅槃浴火</i></color><size=20>（每日限时任务）</size>    使用道德天尊获得3次胜利;210401;104;3;2990016;;1;4;2021-08-03;2021-08-04;0;
28508;【活动】涅槃浴火;<color=#FFB200FF><i>涅槃浴火</i></color><size=20>（每日限时任务）</size>    使用毗湿奴获得3次胜利;210501;121;3;2990016;;1;4;2021-08-04;2021-08-05;0;
28509;【活动】涅槃浴火;<color=#FFB200FF><i>涅槃浴火</i></color><size=20>（每日限时任务）</size>    使用拉获得3次胜利;210601;122;3;2990016;;1;4;2021-08-05;2021-08-06;0;
28510;【活动】涅槃浴火;<color=#FFB200FF><i>涅槃浴火</i></color><size=20>（每日限时任务）</size>    使用宙斯获得3次胜利;210602;123;3;2990016;;1;4;2021-08-06;2021-08-07;0;
28511;【活动】一轮明月;一轮明月    累计完成3个<color=#FFB200FF><i>每日限时任务</i></color>;200601;666;3;2990080;;1;4;2021-09-17;2021-09-22;0;
28512;【活动】一轮明月;<color=#FFB200FF><i>一轮明月</i></color><size=20>（每日限时任务）</size>    攻击击杀4个附属神;207401;3;4;2980011;;1;4;2021-09-17;2021-09-19;0;
28513;【活动】一轮明月;<color=#FFB200FF><i>一轮明月</i></color><size=20>（每日限时任务）</size>    使用主神技能5次;200101;106;5;2990019;;1;4;2021-09-19;2021-09-20;0;
28514;【活动】一轮明月;<color=#FFB200FF><i>一轮明月</i></color><size=20>（每日限时任务）</size>    使用20张神迹卡;200101;1;20;2980013;;1;4;2021-09-20;2021-09-21;0;
28515;【活动】一轮明月;<color=#FFB200FF><i>一轮明月</i></color><size=20>（每日限时任务）</size>     取得2场天梯模式的胜利;207401;7;2;2980012;;1;4;2021-09-21;2021-09-22;0;
28516;【活动】欢庆元旦;欢庆元旦    累计取得20场胜利;200401;5;20;2992010;;1;4;2021-12-28;2022-01-27;0;
28517;【活动】欢庆元旦;欢庆元旦    攻击击杀4个附属神;207401;3;4;2992010;;1;4;2021-12-28;2022-01-02;0;
28518;【活动】欢庆元旦;欢庆元旦    获得10场争乱模式胜利！;206501;65;10;2992010;;1;4;2022-01-10;2022-01-17;0;
28519;【活动】欢庆元旦;欢庆元旦    使用道德天尊获得3次胜利;210401;104;3;2992010;;1;4;2022-01-19;2022-01-21;0;
28520;【活动】欢庆元旦;欢庆元旦    使用毗湿奴获得3次胜利;210501;121;3;2992010;;1;4;2022-01-21;2022-01-23;0;
28521;【活动】欢庆元旦;欢庆元旦    使用20张神迹卡;200101;1;20;2992010;;1;4;2022-01-23;2022-01-25;0;
28522;【活动】欢庆元旦;欢庆元旦    使用10张弹幕卡;200101;2;10;2992010;;1;4;2022-01-25;2022-01-27;0;
28523;【活动】劳动庆典;取得7场天梯模式的胜利  （奖励：头像框-勤劳）;945001;7;7;2980002;;1;4;2022-04-30;2022-05-05;0;
28524;【活动】平静的日常;平静的日常    累计完成10个每日活动任务;200601;666;10;2990019;;1;4;2022-05-14;2022-05-28;0;
28525;【活动】平静的日常;平静的日常    使用20张神迹卡;200101;1;20;2990019;;1;4;2022-05-15;2022-05-16;0;
28526;【活动】平静的日常;平静的日常    使用20张弹幕卡;200101;2;20;2990019;;1;4;2022-05-16;2022-05-17;0;
28527;【活动】平静的日常;平静的日常    攻击击杀4个附属神;207401;3;4;2990019;;1;4;2022-05-17;2022-05-18;0;
28528;【活动】平静的日常;平静的日常    使用主神技能5次;200101;106;5;2990019;;1;4;2022-05-18;2022-05-19;0;
28529;【活动】平静的日常;平静的日常    使用宙斯获得3次胜利;210602;123;3;2990019;;1;4;2022-05-19;2022-05-20;0;
28530;【活动】平静的日常;平静的日常    使用天照获得3次胜利;210201;102;3;2990019;;1;4;2022-05-20;2022-05-21;0;
28531;【活动】平静的日常;平静的日常    使用奥丁获得3次胜利;210101;101;3;2990019;;1;4;2022-05-21;2022-05-22;0;
28532;【活动】平静的日常;平静的日常    使用伊米尔获得3次胜利;210301;103;3;2980011;;1;4;2022-05-22;2022-05-23;0;
28533;【活动】平静的日常;平静的日常    使用道德天尊获得3次胜利;210401;104;3;2980011;;1;4;2022-05-23;2022-05-24;0;
28534;【活动】平静的日常;平静的日常    使用毗湿奴获得3次胜利;210501;121;3;2980011;;1;4;2022-05-24;2022-05-25;0;
28535;【活动】平静的日常;平静的日常    使用拉获得3次胜利;210601;122;3;2980011;;1;4;2022-05-25;2022-05-26;0;
28536;【活动】平静的日常;平静的日常    取得2场天梯模式的胜利;207401;7;2;2980011;;1;4;2022-05-26;2022-05-27;0;
28537;【活动】平静的日常;平静的日常    战斗中驱散16个迷雾区域;210701;107;16;2980011;;1;4;2022-05-27;2022-05-28;0;
